record_id,caller_person_id,receiver_person_id,caller_number,receiver_number,timestamp,duration_seconds,call_type,tower_reference,source_system
CALL00001,P036,P019,+91 9821597187,+91 9961366134,2025-12-24 16:55:43,560,voice,TWR-162,Telecom Provider CDR
CALL00002,P008,P003,+91 9949882535,+91 9812035599,2025-12-08 10:10:17,324,voice,TWR-160,Telecom Provider CDR
CALL00003,P026,P014,+91 7087393203,+91 8048728842,2025-10-08 09:45:19,0,missed,TWR-166,Telecom Provider CDR
CALL00004,P038,P040,+91 8063442307,+91 8079814367,2025-09-20 12:30:59,0,voicemail,TWR-182,Telecom Provider CDR
CALL00005,P034,P020,+91 9021933488,+91 9978957272,2026-03-02 09:40:22,0,voicemail,TWR-136,Telecom Provider CDR
CALL00006,P012,P013,+91 7017878352,+91 9025419329,2025-11-12 22:35:19,470,voice,TWR-139,Telecom Provider CDR
CALL00007,P023,P013,+91 7050152218,+91 9025419329,2025-10-28 09:55:30,258,voice,TWR-119,Telecom Provider CDR
CALL00008,P011,P017,+91 9854026519,+91 9945836599,2026-04-21 10:40:05,0,missed,TWR-115,Telecom Provider CDR
CALL00009,P019,P025,+91 9961366134,+91 9058248303,2025-10-21 09:35:37,355,voice,TWR-143,Telecom Provider CDR
CALL00010,P018,P008,+91 9025135342,+91 9949882535,2026-01-25 12:30:25,0,voicemail,TWR-110,Telecom Provider CDR
CALL00011,P035,P032,+91 7011946866,+91 9012057074,2026-01-05 09:20:55,0,voicemail,TWR-176,Telecom Provider CDR
CALL00012,P024,P010,+91 9894670613,+91 9891274271,2026-02-07 21:35:59,805,voice,TWR-142,Telecom Provider CDR
CALL00013,P019,P012,+91 9961366134,+91 7017878352,2025-12-23 21:50:31,0,missed,TWR-179,Telecom Provider CDR
CALL00014,P041,P003,+91 9076168413,+91 9812035599,2025-09-11 23:40:49,397,voice,TWR-108,Telecom Provider CDR
CALL00015,P041,P021,+91 9076168413,+91 7092466518,2025-10-31 18:05:57,492,voice,TWR-142,Telecom Provider CDR
CALL00016,P016,P017,+91 9858538223,+91 9945836599,2025-09-16 16:25:32,379,voice,TWR-135,Telecom Provider CDR
CALL00017,P001,P041,+91 9029837164,+91 9076168413,2025-11-15 08:45:19,0,voicemail,TWR-183,Telecom Provider CDR
CALL00018,P004,P011,+91 9817447787,+91 9854026519,2026-03-01 06:55:35,0,voicemail,TWR-170,Telecom Provider CDR
CALL00019,P005,P002,+91 8041629537,+91 9924029930,2025-09-22 09:15:43,800,voice,TWR-127,Telecom Provider CDR
CALL00020,P034,P025,+91 9021933488,+91 9058248303,2025-10-13 12:20:58,495,voice,TWR-180,Telecom Provider CDR
CALL00021,P014,P011,+91 8048728842,+91 9854026519,2026-03-09 15:20:06,126,voice,TWR-116,Telecom Provider CDR
CALL00022,P001,P016,+91 9029837164,+91 9858538223,2026-01-29 15:40:26,0,missed,TWR-157,Telecom Provider CDR
CALL00023,P041,P032,+91 9076168413,+91 9012057074,2025-09-23 19:05:22,652,voice,TWR-117,Telecom Provider CDR
CALL00024,P007,P002,+91 9834840362,+91 9924029930,2025-10-03 08:30:10,550,voice,TWR-125,Telecom Provider CDR
CALL00025,P024,P021,+91 9894670613,+91 7092466518,2026-03-07 12:10:38,0,voicemail,TWR-100,Telecom Provider CDR
CALL00026,P025,P017,+91 9058248303,+91 9945836599,2025-10-03 06:25:01,0,voicemail,TWR-186,Telecom Provider CDR
CALL00027,P010,P028,+91 9891274271,+91 8082176114,2025-12-13 21:05:28,0,missed,TWR-104,Telecom Provider CDR
CALL00028,P036,P003,+91 9821597187,+91 9812035599,2026-03-13 17:10:28,93,voice,TWR-114,Telecom Provider CDR
CALL00029,P015,P024,+91 9972065052,+91 9894670613,2025-12-18 16:20:54,783,voice,TWR-144,Telecom Provider CDR
CALL00030,P008,P024,+91 9949882535,+91 9894670613,2026-02-20 22:20:45,16,voice,TWR-180,Telecom Provider CDR
CALL00031,P021,P036,+91 7092466518,+91 9821597187,2026-02-28 18:40:58,0,voicemail,TWR-121,Telecom Provider CDR
CALL00032,P040,P012,+91 8079814367,+91 7017878352,2025-10-28 14:25:47,497,voice,TWR-173,Telecom Provider CDR
CALL00033,P007,P032,+91 9834840362,+91 9012057074,2025-09-25 20:00:10,0,missed,TWR-120,Telecom Provider CDR
CALL00034,P014,P042,+91 8048728842,+91 9855823679,2026-02-04 22:55:07,0,missed,TWR-111,Telecom Provider CDR
CALL00035,P002,P009,+91 9924029930,+91 9899066376,2026-03-24 06:55:20,257,voice,TWR-163,Telecom Provider CDR
CALL00036,P001,P041,+91 9029837164,+91 9076168413,2026-02-02 19:25:41,275,voice,TWR-103,Telecom Provider CDR
CALL00037,P025,P015,+91 9058248303,+91 9972065052,2026-03-14 23:10:24,234,voice,TWR-161,Telecom Provider CDR
CALL00038,P007,P042,+91 9834840362,+91 9855823679,2025-12-05 19:00:42,0,missed,TWR-120,Telecom Provider CDR
CALL00039,P020,P040,+91 9978957272,+91 8079814367,2026-03-05 08:00:31,837,voice,TWR-159,Telecom Provider CDR
CALL00040,P004,P028,+91 9817447787,+91 8082176114,2025-11-05 21:50:57,0,voicemail,TWR-109,Telecom Provider CDR
CALL00041,P023,P032,+91 7050152218,+91 9012057074,2026-02-03 14:55:22,0,missed,TWR-198,Telecom Provider CDR
CALL00042,P020,P005,+91 9978957272,+91 8041629537,2025-12-16 06:05:07,0,missed,TWR-187,Telecom Provider CDR
CALL00043,P019,P024,+91 9961366134,+91 9894670613,2025-12-11 10:35:37,583,voice,TWR-125,Telecom Provider CDR
CALL00044,P014,P019,+91 8048728842,+91 9961366134,2025-12-06 06:25:07,0,missed,TWR-165,Telecom Provider CDR
CALL00045,P035,P026,+91 7011946866,+91 7087393203,2025-10-20 06:25:00,391,voice,TWR-105,Telecom Provider CDR
CALL00046,P020,P042,+91 9978957272,+91 9855823679,2025-09-11 12:20:15,854,voice,TWR-153,Telecom Provider CDR
CALL00047,P028,P027,+91 8082176114,+91 9884645824,2026-04-01 10:35:59,0,voicemail,TWR-126,Telecom Provider CDR
CALL00048,P041,P011,+91 9076168413,+91 9854026519,2025-11-09 13:40:15,0,voicemail,TWR-151,Telecom Provider CDR
CALL00049,P004,P026,+91 9817447787,+91 7087393203,2025-09-26 13:20:35,0,missed,TWR-116,Telecom Provider CDR
CALL00050,P038,P002,+91 8063442307,+91 9924029930,2025-09-23 17:20:51,24,voice,TWR-198,Telecom Provider CDR
CALL00051,P035,P010,+91 7011946866,+91 9891274271,2025-12-31 15:35:07,0,voicemail,TWR-149,Telecom Provider CDR
CALL00052,P032,P013,+91 9012057074,+91 9025419329,2025-09-22 17:50:33,0,missed,TWR-197,Telecom Provider CDR
CALL00053,P034,P004,+91 9021933488,+91 9817447787,2026-01-17 21:25:30,255,voice,TWR-112,Telecom Provider CDR
CALL00054,P013,P004,+91 9025419329,+91 9817447787,2025-10-31 20:40:34,0,voicemail,TWR-148,Telecom Provider CDR
CALL00055,P040,P024,+91 8079814367,+91 9894670613,2026-04-09 22:50:20,84,voice,TWR-106,Telecom Provider CDR
CALL00056,P007,P017,+91 9834840362,+91 9945836599,2025-11-15 18:30:56,0,voicemail,TWR-113,Telecom Provider CDR
CALL00057,P036,P041,+91 9821597187,+91 9076168413,2026-03-31 06:15:23,0,voicemail,TWR-133,Telecom Provider CDR
CALL00058,P015,P028,+91 9972065052,+91 8082176114,2026-02-11 13:35:50,581,voice,TWR-105,Telecom Provider CDR
CALL00059,P036,P026,+91 9821597187,+91 7087393203,2025-10-24 12:50:12,634,voice,TWR-100,Telecom Provider CDR
CALL00060,P035,P009,+91 7011946866,+91 9899066376,2026-04-16 20:15:06,889,voice,TWR-111,Telecom Provider CDR
CALL00061,P036,P025,+91 9821597187,+91 9058248303,2026-03-05 07:40:03,506,voice,TWR-194,Telecom Provider CDR
CALL00062,P009,P012,+91 9899066376,+91 7017878352,2025-10-11 23:20:25,452,voice,TWR-124,Telecom Provider CDR
CALL00063,P033,P019,+91 7027909944,+91 9961366134,2026-03-12 17:50:55,163,voice,TWR-141,Telecom Provider CDR
CALL00064,P008,P015,+91 9949882535,+91 9972065052,2026-02-05 09:05:09,454,voice,TWR-134,Telecom Provider CDR
CALL00065,P009,P036,+91 9899066376,+91 9821597187,2025-10-03 21:00:58,0,voicemail,TWR-164,Telecom Provider CDR
CALL00066,P018,P041,+91 9025135342,+91 9076168413,2026-01-31 11:15:10,96,voice,TWR-111,Telecom Provider CDR
CALL00067,P020,P003,+91 9978957272,+91 9812035599,2025-09-30 20:35:44,91,voice,TWR-195,Telecom Provider CDR
CALL00068,P003,P013,+91 9812035599,+91 9025419329,2025-09-14 11:40:24,720,voice,TWR-182,Telecom Provider CDR
CALL00069,P003,P008,+91 9812035599,+91 9949882535,2026-04-05 09:00:26,0,voicemail,TWR-185,Telecom Provider CDR
CALL00070,P038,P027,+91 8063442307,+91 9884645824,2026-03-19 10:15:00,0,voicemail,TWR-150,Telecom Provider CDR
CALL00071,P005,P003,+91 8041629537,+91 9812035599,2026-03-14 15:35:36,0,voicemail,TWR-111,Telecom Provider CDR
CALL00072,P014,P006,+91 8048728842,+91 7037149286,2025-12-21 21:40:26,564,voice,TWR-134,Telecom Provider CDR
CALL00073,P001,P004,+91 9029837164,+91 9817447787,2025-12-11 10:55:11,465,voice,TWR-178,Telecom Provider CDR
CALL00074,P035,P033,+91 7011946866,+91 7027909944,2025-12-13 09:55:47,86,voice,TWR-164,Telecom Provider CDR
CALL00075,P006,P026,+91 7037149286,+91 7087393203,2026-03-20 16:00:47,845,voice,TWR-179,Telecom Provider CDR
CALL00076,P018,P024,+91 9025135342,+91 9894670613,2026-02-19 20:00:34,33,voice,TWR-182,Telecom Provider CDR
CALL00077,P017,P002,+91 9945836599,+91 9924029930,2025-12-14 07:15:35,271,voice,TWR-138,Telecom Provider CDR
CALL00078,P005,P027,+91 8041629537,+91 9884645824,2026-01-23 23:15:35,0,voicemail,TWR-195,Telecom Provider CDR
CALL00079,P023,P007,+91 7050152218,+91 9834840362,2025-11-04 12:30:23,0,voicemail,TWR-192,Telecom Provider CDR
CALL00080,P004,P023,+91 9817447787,+91 7050152218,2025-12-28 20:55:18,0,missed,TWR-175,Telecom Provider CDR
CALL00081,P003,P042,+91 9812035599,+91 9855823679,2025-10-24 10:10:15,174,voice,TWR-129,Telecom Provider CDR
CALL00082,P014,P003,+91 8048728842,+91 9812035599,2026-01-18 21:00:56,290,voice,TWR-173,Telecom Provider CDR
CALL00083,P011,P004,+91 9854026519,+91 9817447787,2026-02-19 13:00:09,0,voicemail,TWR-164,Telecom Provider CDR
CALL00084,P042,P018,+91 9855823679,+91 9025135342,2026-01-09 06:25:59,383,voice,TWR-146,Telecom Provider CDR
CALL00085,P033,P003,+91 7027909944,+91 9812035599,2025-09-30 10:05:44,0,voicemail,TWR-137,Telecom Provider CDR
CALL00086,P022,P038,+91 8011745854,+91 8063442307,2025-11-26 22:35:00,0,voicemail,TWR-112,Telecom Provider CDR
CALL00087,P011,P008,+91 9854026519,+91 9949882535,2025-11-23 21:25:42,334,voice,TWR-179,Telecom Provider CDR
CALL00088,P025,P010,+91 9058248303,+91 9891274271,2026-02-07 18:05:48,0,voicemail,TWR-169,Telecom Provider CDR
CALL00089,P012,P027,+91 7017878352,+91 9884645824,2026-04-19 22:50:24,569,voice,TWR-161,Telecom Provider CDR
CALL00090,P021,P042,+91 7092466518,+91 9855823679,2026-03-12 16:20:18,867,voice,TWR-186,Telecom Provider CDR
CALL00091,P005,P040,+91 8041629537,+91 8079814367,2025-12-30 14:30:02,21,voice,TWR-174,Telecom Provider CDR
CALL00092,P011,P042,+91 9854026519,+91 9855823679,2026-01-19 16:55:07,0,voicemail,TWR-147,Telecom Provider CDR
CALL00093,P011,P009,+91 9854026519,+91 9899066376,2025-09-25 19:05:14,0,missed,TWR-186,Telecom Provider CDR
CALL00094,P018,P022,+91 9025135342,+91 8011745854,2025-11-03 21:10:19,435,voice,TWR-187,Telecom Provider CDR
CALL00095,P004,P014,+91 9817447787,+91 8048728842,2025-10-30 19:45:36,798,voice,TWR-149,Telecom Provider CDR
CALL00096,P006,P004,+91 7037149286,+91 9817447787,2026-04-17 11:05:44,320,voice,TWR-189,Telecom Provider CDR
CALL00097,P033,P027,+91 7027909944,+91 9884645824,2025-11-30 08:35:30,0,missed,TWR-150,Telecom Provider CDR
CALL00098,P003,P019,+91 9812035599,+91 9961366134,2026-02-26 11:10:03,638,voice,TWR-159,Telecom Provider CDR
CALL00099,P033,P040,+91 7027909944,+91 8079814367,2025-12-17 18:45:13,0,missed,TWR-180,Telecom Provider CDR
CALL00100,P014,P018,+91 8048728842,+91 9025135342,2026-03-29 10:25:36,0,voicemail,TWR-125,Telecom Provider CDR
CALL00101,P035,P013,+91 7011946866,+91 9025419329,2025-10-17 18:25:07,874,voice,TWR-130,Telecom Provider CDR
CALL00102,P033,P010,+91 7027909944,+91 9891274271,2026-02-06 10:35:09,0,missed,TWR-126,Telecom Provider CDR
CALL00103,P024,P006,+91 9894670613,+91 7037149286,2025-09-23 20:55:13,701,voice,TWR-198,Telecom Provider CDR
CALL00104,P018,P034,+91 9025135342,+91 9021933488,2026-03-18 09:30:50,225,voice,TWR-194,Telecom Provider CDR
CALL00105,P040,P020,+91 8079814367,+91 9978957272,2025-09-17 11:00:19,426,voice,TWR-180,Telecom Provider CDR
CALL00106,P007,P020,+91 9834840362,+91 9978957272,2025-10-13 16:45:04,699,voice,TWR-166,Telecom Provider CDR
CALL00107,P036,P041,+91 9821597187,+91 9076168413,2025-11-18 18:10:40,0,voicemail,TWR-100,Telecom Provider CDR
CALL00108,P032,P009,+91 9012057074,+91 9899066376,2026-04-03 19:50:08,138,voice,TWR-115,Telecom Provider CDR
CALL00109,P005,P028,+91 8041629537,+91 8082176114,2025-10-02 16:05:48,0,voicemail,TWR-161,Telecom Provider CDR
CALL00110,P007,P037,+91 9834840362,+91 7067154811,2026-03-19 14:40:47,365,voice,TWR-170,Telecom Provider CDR
CALL00111,P022,P034,+91 8011745854,+91 9021933488,2025-10-28 12:55:10,0,missed,TWR-151,Telecom Provider CDR
CALL00112,P018,P022,+91 9025135342,+91 8011745854,2026-03-09 23:35:02,0,missed,TWR-107,Telecom Provider CDR
CALL00113,P013,P042,+91 9025419329,+91 9855823679,2026-03-25 20:55:05,354,voice,TWR-120,Telecom Provider CDR
CALL00114,P033,P016,+91 7027909944,+91 9858538223,2026-03-31 16:45:11,847,voice,TWR-117,Telecom Provider CDR
CALL00115,P009,P021,+91 9899066376,+91 7092466518,2025-09-19 20:25:54,805,voice,TWR-158,Telecom Provider CDR
CALL00116,P008,P003,+91 9949882535,+91 9812035599,2026-03-21 12:10:55,0,voicemail,TWR-157,Telecom Provider CDR
CALL00117,P009,P001,+91 9899066376,+91 9029837164,2025-12-18 15:05:04,0,missed,TWR-143,Telecom Provider CDR
CALL00118,P012,P010,+91 7017878352,+91 9891274271,2026-03-30 17:40:59,49,voice,TWR-167,Telecom Provider CDR
CALL00119,P007,P004,+91 9834840362,+91 9817447787,2025-11-10 17:50:38,126,voice,TWR-122,Telecom Provider CDR
CALL00120,P015,P036,+91 9972065052,+91 9821597187,2026-03-01 06:10:47,104,voice,TWR-190,Telecom Provider CDR
CALL00121,P037,P027,+91 7067154811,+91 9884645824,2025-10-31 20:30:32,389,voice,TWR-113,Telecom Provider CDR
CALL00122,P001,P022,+91 9029837164,+91 8011745854,2026-02-03 18:15:41,0,voicemail,TWR-184,Telecom Provider CDR
CALL00123,P037,P002,+91 7067154811,+91 9924029930,2026-01-22 06:05:17,0,missed,TWR-122,Telecom Provider CDR
CALL00124,P028,P009,+91 8082176114,+91 9899066376,2026-01-19 21:50:09,448,voice,TWR-161,Telecom Provider CDR
CALL00125,P041,P027,+91 9076168413,+91 9884645824,2025-09-23 06:45:58,482,voice,TWR-159,Telecom Provider CDR
CALL00126,P041,P007,+91 9076168413,+91 9834840362,2025-11-23 07:00:22,623,voice,TWR-174,Telecom Provider CDR
CALL00127,P002,P034,+91 9924029930,+91 9021933488,2025-10-08 10:25:12,0,voicemail,TWR-126,Telecom Provider CDR
CALL00128,P037,P020,+91 7067154811,+91 9978957272,2025-09-30 15:15:24,328,voice,TWR-149,Telecom Provider CDR
CALL00129,P026,P036,+91 7087393203,+91 9821597187,2025-09-24 21:45:41,126,voice,TWR-112,Telecom Provider CDR
CALL00130,P018,P010,+91 9025135342,+91 9891274271,2026-02-03 11:10:08,859,voice,TWR-155,Telecom Provider CDR
CALL00131,P017,P024,+91 9945836599,+91 9894670613,2026-01-31 15:25:43,0,voicemail,TWR-116,Telecom Provider CDR
CALL00132,P037,P026,+91 7067154811,+91 7087393203,2025-12-10 16:50:08,455,voice,TWR-112,Telecom Provider CDR
CALL00133,P018,P015,+91 9025135342,+91 9972065052,2025-09-20 20:45:46,0,voicemail,TWR-167,Telecom Provider CDR
CALL00134,P002,P016,+91 9924029930,+91 9858538223,2025-10-21 17:35:29,265,voice,TWR-133,Telecom Provider CDR
CALL00135,P040,P010,+91 8079814367,+91 9891274271,2026-04-17 18:05:54,0,voicemail,TWR-113,Telecom Provider CDR
CALL00136,P019,P023,+91 9961366134,+91 7050152218,2025-10-24 19:25:09,685,voice,TWR-162,Telecom Provider CDR
CALL00137,P025,P028,+91 9058248303,+91 8082176114,2025-09-22 16:40:41,0,voicemail,TWR-180,Telecom Provider CDR
CALL00138,P024,P040,+91 9894670613,+91 8079814367,2026-02-19 06:15:19,0,voicemail,TWR-147,Telecom Provider CDR
CALL00139,P020,P042,+91 9978957272,+91 9855823679,2026-01-02 17:25:04,0,voicemail,TWR-184,Telecom Provider CDR
CALL00140,P032,P003,+91 9012057074,+91 9812035599,2025-11-25 22:35:05,0,voicemail,TWR-179,Telecom Provider CDR
CALL00141,P013,P012,+91 9025419329,+91 7017878352,2025-09-14 09:05:13,302,voice,TWR-112,Telecom Provider CDR
CALL00142,P007,P024,+91 9834840362,+91 9894670613,2025-12-11 10:50:18,0,missed,TWR-152,Telecom Provider CDR
CALL00143,P023,P001,+91 7050152218,+91 9029837164,2025-11-19 11:10:57,496,voice,TWR-135,Telecom Provider CDR
CALL00144,P028,P042,+91 8082176114,+91 9855823679,2026-01-30 22:55:42,843,voice,TWR-101,Telecom Provider CDR
CALL00145,P012,P035,+91 7017878352,+91 7011946866,2025-09-13 23:30:40,0,voicemail,TWR-154,Telecom Provider CDR
CALL00146,P037,P035,+91 7067154811,+91 7011946866,2026-03-13 16:00:09,392,voice,TWR-193,Telecom Provider CDR
CALL00147,P024,P022,+91 9894670613,+91 8011745854,2025-09-11 15:50:20,0,voicemail,TWR-180,Telecom Provider CDR
CALL00148,P037,P009,+91 7067154811,+91 9899066376,2025-10-01 14:35:01,812,voice,TWR-109,Telecom Provider CDR
CALL00149,P008,P023,+91 9949882535,+91 7050152218,2026-04-17 15:20:20,0,missed,TWR-138,Telecom Provider CDR
CALL00150,P008,P013,+91 9949882535,+91 9025419329,2026-03-25 09:45:42,19,voice,TWR-135,Telecom Provider CDR
CALL00151,P001,P013,+91 9029837164,+91 9025419329,2026-02-19 12:15:19,793,voice,TWR-122,Telecom Provider CDR
CALL00152,P015,P017,+91 9972065052,+91 9945836599,2026-01-17 12:35:11,332,voice,TWR-195,Telecom Provider CDR
CALL00153,P007,P034,+91 9834840362,+91 9021933488,2026-03-17 07:25:35,266,voice,TWR-174,Telecom Provider CDR
CALL00154,P023,P027,+91 7050152218,+91 9884645824,2025-12-20 20:05:34,9,voice,TWR-107,Telecom Provider CDR
CALL00155,P023,P013,+91 7050152218,+91 9025419329,2026-02-15 19:35:25,78,voice,TWR-129,Telecom Provider CDR
CALL00156,P028,P010,+91 8082176114,+91 9891274271,2026-02-23 19:20:05,0,voicemail,TWR-172,Telecom Provider CDR
CALL00157,P019,P017,+91 9961366134,+91 9945836599,2026-02-12 18:20:27,798,voice,TWR-103,Telecom Provider CDR
CALL00158,P041,P023,+91 9076168413,+91 7050152218,2026-03-29 22:00:02,855,voice,TWR-112,Telecom Provider CDR
CALL00159,P016,P018,+91 9858538223,+91 9025135342,2026-03-24 16:10:03,656,voice,TWR-113,Telecom Provider CDR
CALL00160,P021,P017,+91 7092466518,+91 9945836599,2025-10-08 22:40:58,0,voicemail,TWR-146,Telecom Provider CDR
CALL00161,P018,P008,+91 9025135342,+91 9949882535,2026-04-09 06:25:34,717,voice,TWR-172,Telecom Provider CDR
CALL00162,P018,P038,+91 9025135342,+91 8063442307,2026-01-11 22:35:18,400,voice,TWR-173,Telecom Provider CDR
CALL00163,P041,P007,+91 9076168413,+91 9834840362,2025-12-06 16:10:11,752,voice,TWR-138,Telecom Provider CDR
CALL00164,P025,P004,+91 9058248303,+91 9817447787,2026-01-03 11:25:34,78,voice,TWR-112,Telecom Provider CDR
CALL00165,P016,P032,+91 9858538223,+91 9012057074,2026-03-11 21:45:42,0,voicemail,TWR-195,Telecom Provider CDR
CALL00166,P035,P033,+91 7011946866,+91 7027909944,2026-02-16 19:30:04,0,missed,TWR-183,Telecom Provider CDR
CALL00167,P016,P001,+91 9858538223,+91 9029837164,2025-09-13 12:10:13,0,voicemail,TWR-164,Telecom Provider CDR
CALL00168,P008,P021,+91 9949882535,+91 7092466518,2025-11-08 10:35:05,0,voicemail,TWR-142,Telecom Provider CDR
CALL00169,P037,P024,+91 7067154811,+91 9894670613,2025-12-14 17:45:30,0,voicemail,TWR-195,Telecom Provider CDR
CALL00170,P027,P001,+91 9884645824,+91 9029837164,2026-01-22 21:50:33,0,missed,TWR-116,Telecom Provider CDR
CALL00171,P042,P033,+91 9855823679,+91 7027909944,2026-04-21 08:05:47,556,voice,TWR-154,Telecom Provider CDR
CALL00172,P012,P019,+91 7017878352,+91 9961366134,2025-10-29 10:10:48,271,voice,TWR-125,Telecom Provider CDR
CALL00173,P005,P007,+91 8041629537,+91 9834840362,2026-03-29 09:30:41,119,voice,TWR-147,Telecom Provider CDR
CALL00174,P037,P011,+91 7067154811,+91 9854026519,2026-01-11 07:55:52,82,voice,TWR-148,Telecom Provider CDR
CALL00175,P003,P009,+91 9812035599,+91 9899066376,2025-12-25 10:40:11,806,voice,TWR-171,Telecom Provider CDR
CALL00176,P005,P008,+91 8041629537,+91 9949882535,2026-04-14 19:45:33,865,voice,TWR-192,Telecom Provider CDR
CALL00177,P019,P001,+91 9961366134,+91 9029837164,2025-12-05 20:55:44,627,voice,TWR-170,Telecom Provider CDR
CALL00178,P023,P016,+91 7050152218,+91 9858538223,2025-10-04 23:25:11,0,voicemail,TWR-170,Telecom Provider CDR
CALL00179,P014,P034,+91 8048728842,+91 9021933488,2026-02-16 06:20:42,466,voice,TWR-120,Telecom Provider CDR
CALL00180,P003,P009,+91 9812035599,+91 9899066376,2026-03-07 12:45:51,0,voicemail,TWR-163,Telecom Provider CDR
CALL00181,P011,P016,+91 9854026519,+91 9858538223,2026-01-01 12:30:38,0,missed,TWR-191,Telecom Provider CDR
CALL00182,P014,P009,+91 8048728842,+91 9899066376,2026-01-18 19:05:41,799,voice,TWR-186,Telecom Provider CDR
CALL00183,P002,P006,+91 9924029930,+91 7037149286,2026-03-03 21:45:13,506,voice,TWR-132,Telecom Provider CDR
CALL00184,P005,P003,+91 8041629537,+91 9812035599,2026-02-20 08:45:29,614,voice,TWR-140,Telecom Provider CDR
CALL00185,P035,P040,+91 7011946866,+91 8079814367,2026-01-28 12:05:30,246,voice,TWR-175,Telecom Provider CDR
CALL00186,P025,P016,+91 9058248303,+91 9858538223,2026-01-18 08:25:02,0,voicemail,TWR-175,Telecom Provider CDR
CALL00187,P034,P011,+91 9021933488,+91 9854026519,2026-02-01 09:45:48,0,missed,TWR-172,Telecom Provider CDR
CALL00188,P040,P009,+91 8079814367,+91 9899066376,2025-09-10 13:45:18,0,voicemail,TWR-149,Telecom Provider CDR
CALL00189,P025,P019,+91 9058248303,+91 9961366134,2026-02-10 12:55:09,202,voice,TWR-197,Telecom Provider CDR
CALL00190,P002,P024,+91 9924029930,+91 9894670613,2025-11-02 21:15:05,0,missed,TWR-192,Telecom Provider CDR
CALL00191,P014,P040,+91 8048728842,+91 8079814367,2025-11-17 12:25:22,724,voice,TWR-160,Telecom Provider CDR
CALL00192,P037,P023,+91 7067154811,+91 7050152218,2025-10-08 09:30:01,0,missed,TWR-109,Telecom Provider CDR
CALL00193,P020,P015,+91 9978957272,+91 9972065052,2025-10-16 11:20:16,0,voicemail,TWR-143,Telecom Provider CDR
CALL00194,P005,P038,+91 8041629537,+91 8063442307,2025-09-26 11:40:55,0,voicemail,TWR-130,Telecom Provider CDR
CALL00195,P037,P001,+91 7067154811,+91 9029837164,2026-02-14 22:50:10,0,voicemail,TWR-183,Telecom Provider CDR
CALL00196,P023,P013,+91 7050152218,+91 9025419329,2025-12-04 21:10:37,90,voice,TWR-194,Telecom Provider CDR
CALL00197,P008,P027,+91 9949882535,+91 9884645824,2026-03-12 21:05:50,847,voice,TWR-142,Telecom Provider CDR
CALL00198,P007,P038,+91 9834840362,+91 8063442307,2025-12-18 23:30:50,858,voice,TWR-118,Telecom Provider CDR
CALL00199,P032,P038,+91 9012057074,+91 8063442307,2026-01-20 10:45:39,261,voice,TWR-173,Telecom Provider CDR
CALL00200,P040,P025,+91 8079814367,+91 9058248303,2025-11-28 09:15:30,0,missed,TWR-166,Telecom Provider CDR
CALL00201,P012,P016,+91 7017878352,+91 9858538223,2026-03-17 17:55:17,0,missed,TWR-147,Telecom Provider CDR
CALL00202,P018,P042,+91 9025135342,+91 9855823679,2026-01-15 22:10:19,332,voice,TWR-164,Telecom Provider CDR
CALL00203,P017,P035,+91 9945836599,+91 7011946866,2025-12-08 23:55:24,309,voice,TWR-151,Telecom Provider CDR
CALL00204,P023,P006,+91 7050152218,+91 7037149286,2026-01-17 12:15:54,0,voicemail,TWR-106,Telecom Provider CDR
CALL00205,P038,P026,+91 8063442307,+91 7087393203,2026-03-27 22:35:07,463,voice,TWR-109,Telecom Provider CDR
CALL00206,P002,P036,+91 9924029930,+91 9821597187,2026-01-03 12:35:40,747,voice,TWR-132,Telecom Provider CDR
CALL00207,P041,P025,+91 9076168413,+91 9058248303,2026-03-13 06:50:53,0,voicemail,TWR-144,Telecom Provider CDR
CALL00208,P025,P005,+91 9058248303,+91 8041629537,2026-04-22 16:55:09,0,voicemail,TWR-124,Telecom Provider CDR
CALL00209,P037,P010,+91 7067154811,+91 9891274271,2026-01-21 09:35:58,719,voice,TWR-174,Telecom Provider CDR
CALL00210,P036,P019,+91 9821597187,+91 9961366134,2026-02-05 11:05:30,0,voicemail,TWR-110,Telecom Provider CDR
CALL00211,P002,P017,+91 9924029930,+91 9945836599,2025-12-19 19:45:34,816,voice,TWR-198,Telecom Provider CDR
CALL00212,P010,P027,+91 9891274271,+91 9884645824,2026-02-01 20:15:01,97,voice,TWR-173,Telecom Provider CDR
CALL00213,P001,P011,+91 9029837164,+91 9854026519,2025-10-17 09:45:07,0,voicemail,TWR-118,Telecom Provider CDR
CALL00214,P035,P011,+91 7011946866,+91 9854026519,2025-10-25 12:25:35,0,voicemail,TWR-178,Telecom Provider CDR
CALL00215,P020,P002,+91 9978957272,+91 9924029930,2026-01-23 20:35:59,477,voice,TWR-175,Telecom Provider CDR
CALL00216,P001,P040,+91 9029837164,+91 8079814367,2025-12-18 08:15:58,501,voice,TWR-144,Telecom Provider CDR
CALL00217,P005,P010,+91 8041629537,+91 9891274271,2025-10-18 12:45:14,897,voice,TWR-154,Telecom Provider CDR
CALL00218,P035,P028,+91 7011946866,+91 8082176114,2025-12-14 11:25:18,0,missed,TWR-103,Telecom Provider CDR
CALL00219,P006,P024,+91 7037149286,+91 9894670613,2025-10-07 11:15:46,119,voice,TWR-158,Telecom Provider CDR
CALL00220,P033,P017,+91 7027909944,+91 9945836599,2026-04-18 11:25:45,807,voice,TWR-121,Telecom Provider CDR
CALL00221,P017,P022,+91 9945836599,+91 8011745854,2026-01-25 16:00:29,169,voice,TWR-148,Telecom Provider CDR
CALL00222,P033,P027,+91 7027909944,+91 9884645824,2025-10-04 21:00:00,607,voice,TWR-134,Telecom Provider CDR
CALL00223,P011,P012,+91 9854026519,+91 7017878352,2025-09-14 13:00:10,597,voice,TWR-161,Telecom Provider CDR
CALL00224,P009,P021,+91 9899066376,+91 7092466518,2026-03-18 20:50:11,0,voicemail,TWR-129,Telecom Provider CDR
CALL00225,P009,P018,+91 9899066376,+91 9025135342,2025-10-01 13:15:21,514,voice,TWR-161,Telecom Provider CDR
CALL00226,P035,P007,+91 7011946866,+91 9834840362,2026-03-29 18:00:49,0,voicemail,TWR-102,Telecom Provider CDR
CALL00227,P028,P006,+91 8082176114,+91 7037149286,2026-01-18 06:00:02,546,voice,TWR-137,Telecom Provider CDR
CALL00228,P041,P003,+91 9076168413,+91 9812035599,2025-12-08 17:55:23,392,voice,TWR-157,Telecom Provider CDR
CALL00229,P038,P023,+91 8063442307,+91 7050152218,2025-12-27 20:05:18,242,voice,TWR-156,Telecom Provider CDR
CALL00230,P027,P025,+91 9884645824,+91 9058248303,2025-11-07 22:10:31,618,voice,TWR-188,Telecom Provider CDR
CALL00231,P011,P019,+91 9854026519,+91 9961366134,2025-12-24 17:00:40,235,voice,TWR-164,Telecom Provider CDR
CALL00232,P015,P019,+91 9972065052,+91 9961366134,2025-10-21 19:10:33,0,missed,TWR-112,Telecom Provider CDR
CALL00233,P042,P011,+91 9855823679,+91 9854026519,2025-11-21 13:40:14,439,voice,TWR-101,Telecom Provider CDR
CALL00234,P010,P022,+91 9891274271,+91 8011745854,2025-11-27 17:30:20,0,voicemail,TWR-123,Telecom Provider CDR
CALL00235,P008,P002,+91 9949882535,+91 9924029930,2025-09-12 14:25:26,779,voice,TWR-136,Telecom Provider CDR
CALL00236,P026,P036,+91 7087393203,+91 9821597187,2026-03-20 23:10:49,0,missed,TWR-176,Telecom Provider CDR
CALL00237,P025,P007,+91 9058248303,+91 9834840362,2026-04-22 12:55:12,0,voicemail,TWR-104,Telecom Provider CDR
CALL00238,P017,P041,+91 9945836599,+91 9076168413,2026-02-14 14:55:31,0,missed,TWR-128,Telecom Provider CDR
CALL00239,P020,P002,+91 9978957272,+91 9924029930,2026-01-27 12:40:39,0,voicemail,TWR-191,Telecom Provider CDR
CALL00240,P027,P021,+91 9884645824,+91 7092466518,2026-01-23 21:35:48,619,voice,TWR-178,Telecom Provider CDR
CALL00241,P021,P023,+91 7092466518,+91 7050152218,2026-03-02 14:45:56,0,missed,TWR-140,Telecom Provider CDR
CALL00242,P021,P042,+91 7092466518,+91 9855823679,2025-11-01 06:50:17,0,voicemail,TWR-192,Telecom Provider CDR
CALL00243,P032,P019,+91 9012057074,+91 9961366134,2026-01-14 19:30:09,0,missed,TWR-168,Telecom Provider CDR
CALL00244,P042,P038,+91 9855823679,+91 8063442307,2026-04-17 14:45:41,0,missed,TWR-145,Telecom Provider CDR
CALL00245,P016,P012,+91 9858538223,+91 7017878352,2026-04-20 11:30:33,0,missed,TWR-106,Telecom Provider CDR
CALL00246,P024,P038,+91 9894670613,+91 8063442307,2026-04-13 10:15:21,330,voice,TWR-136,Telecom Provider CDR
CALL00247,P038,P026,+91 8063442307,+91 7087393203,2025-11-19 21:20:54,777,voice,TWR-173,Telecom Provider CDR
CALL00248,P016,P021,+91 9858538223,+91 7092466518,2026-01-08 20:10:25,0,voicemail,TWR-125,Telecom Provider CDR
CALL00249,P041,P022,+91 9076168413,+91 8011745854,2026-01-18 21:10:13,284,voice,TWR-116,Telecom Provider CDR
CALL00250,P013,P011,+91 9025419329,+91 9854026519,2025-10-22 14:25:54,0,voicemail,TWR-114,Telecom Provider CDR
CALL00251,P013,P019,+91 9025419329,+91 9961366134,2025-11-26 10:00:14,725,voice,TWR-193,Telecom Provider CDR
CALL00252,P010,P026,+91 9891274271,+91 7087393203,2025-10-15 07:30:53,244,voice,TWR-130,Telecom Provider CDR
CALL00253,P005,P042,+91 8041629537,+91 9855823679,2025-09-13 12:30:37,0,voicemail,TWR-166,Telecom Provider CDR
CALL00254,P020,P012,+91 9978957272,+91 7017878352,2026-02-17 18:40:40,668,voice,TWR-126,Telecom Provider CDR
CALL00255,P009,P042,+91 9899066376,+91 9855823679,2026-03-02 08:10:14,660,voice,TWR-177,Telecom Provider CDR
CALL00256,P038,P025,+91 8063442307,+91 9058248303,2025-11-13 18:05:24,0,missed,TWR-189,Telecom Provider CDR
CALL00257,P015,P013,+91 9972065052,+91 9025419329,2025-11-19 15:15:04,503,voice,TWR-102,Telecom Provider CDR
CALL00258,P034,P022,+91 9021933488,+91 8011745854,2025-11-17 19:50:48,0,voicemail,TWR-175,Telecom Provider CDR
CALL00259,P028,P025,+91 8082176114,+91 9058248303,2025-11-11 13:25:04,147,voice,TWR-186,Telecom Provider CDR
CALL00260,P034,P008,+91 9021933488,+91 9949882535,2026-03-14 17:55:03,684,voice,TWR-153,Telecom Provider CDR
CALL00261,P038,P005,+91 8063442307,+91 8041629537,2025-09-17 15:00:46,265,voice,TWR-109,Telecom Provider CDR
CALL00262,P038,P036,+91 8063442307,+91 9821597187,2025-12-18 10:25:23,457,voice,TWR-193,Telecom Provider CDR
CALL00263,P019,P014,+91 9961366134,+91 8048728842,2025-10-02 09:25:47,274,voice,TWR-162,Telecom Provider CDR
CALL00264,P019,P018,+91 9961366134,+91 9025135342,2026-01-14 07:25:33,481,voice,TWR-191,Telecom Provider CDR
CALL00265,P032,P041,+91 9012057074,+91 9076168413,2025-10-27 14:25:33,31,voice,TWR-182,Telecom Provider CDR
CALL00266,P036,P012,+91 9821597187,+91 7017878352,2026-02-28 06:40:16,869,voice,TWR-102,Telecom Provider CDR
CALL00267,P006,P011,+91 7037149286,+91 9854026519,2025-09-17 18:40:41,0,missed,TWR-132,Telecom Provider CDR
CALL00268,P001,P038,+91 9029837164,+91 8063442307,2025-09-13 23:25:14,0,missed,TWR-186,Telecom Provider CDR
CALL00269,P036,P005,+91 9821597187,+91 8041629537,2026-04-02 21:10:34,677,voice,TWR-101,Telecom Provider CDR
CALL00270,P035,P020,+91 7011946866,+91 9978957272,2025-12-01 07:50:45,0,missed,TWR-117,Telecom Provider CDR
CALL00271,P011,P023,+91 9854026519,+91 7050152218,2025-12-23 17:40:53,119,voice,TWR-172,Telecom Provider CDR
CALL00272,P018,P040,+91 9025135342,+91 8079814367,2026-02-14 16:20:08,0,missed,TWR-187,Telecom Provider CDR
CALL00273,P008,P023,+91 9949882535,+91 7050152218,2025-12-08 15:30:47,506,voice,TWR-157,Telecom Provider CDR
CALL00274,P012,P042,+91 7017878352,+91 9855823679,2025-12-09 14:20:43,743,voice,TWR-102,Telecom Provider CDR
CALL00275,P037,P038,+91 7067154811,+91 8063442307,2025-11-02 20:25:08,585,voice,TWR-126,Telecom Provider CDR
CALL00276,P004,P026,+91 9817447787,+91 7087393203,2026-02-06 19:35:00,0,voicemail,TWR-140,Telecom Provider CDR
CALL00277,P038,P024,+91 8063442307,+91 9894670613,2026-03-28 09:50:53,0,missed,TWR-162,Telecom Provider CDR
CALL00278,P025,P009,+91 9058248303,+91 9899066376,2025-11-21 14:25:34,16,voice,TWR-198,Telecom Provider CDR
CALL00279,P004,P035,+91 9817447787,+91 7011946866,2025-10-01 12:45:54,0,voicemail,TWR-152,Telecom Provider CDR
CALL00280,P026,P025,+91 7087393203,+91 9058248303,2026-02-16 06:15:16,0,missed,TWR-107,Telecom Provider CDR
CALL00281,P021,P027,+91 7092466518,+91 9884645824,2026-04-03 17:05:27,0,voicemail,TWR-155,Telecom Provider CDR
CALL00282,P014,P023,+91 8048728842,+91 7050152218,2025-12-17 07:35:27,0,missed,TWR-109,Telecom Provider CDR
CALL00283,P009,P019,+91 9899066376,+91 9961366134,2026-02-15 22:30:01,693,voice,TWR-104,Telecom Provider CDR
CALL00284,P015,P028,+91 9972065052,+91 8082176114,2025-09-23 16:30:19,347,voice,TWR-174,Telecom Provider CDR
CALL00285,P012,P026,+91 7017878352,+91 7087393203,2025-11-13 14:55:54,519,voice,TWR-142,Telecom Provider CDR
CALL00286,P010,P013,+91 9891274271,+91 9025419329,2025-12-23 18:10:32,0,missed,TWR-117,Telecom Provider CDR
CALL00287,P026,P015,+91 7087393203,+91 9972065052,2025-12-22 07:25:05,131,voice,TWR-103,Telecom Provider CDR
CALL00288,P001,P011,+91 9029837164,+91 9854026519,2026-02-24 17:55:15,295,voice,TWR-197,Telecom Provider CDR
CALL00289,P008,P012,+91 9949882535,+91 7017878352,2026-03-15 11:20:32,133,voice,TWR-113,Telecom Provider CDR
CALL00290,P017,P015,+91 9945836599,+91 9972065052,2026-02-10 09:40:12,466,voice,TWR-184,Telecom Provider CDR
CALL00291,P040,P016,+91 8079814367,+91 9858538223,2026-04-04 22:50:34,525,voice,TWR-156,Telecom Provider CDR
CALL00292,P008,P009,+91 9949882535,+91 9899066376,2025-12-02 22:15:14,127,voice,TWR-113,Telecom Provider CDR
CALL00293,P033,P042,+91 7027909944,+91 9855823679,2025-10-22 19:10:10,0,missed,TWR-190,Telecom Provider CDR
CALL00294,P008,P032,+91 9949882535,+91 9012057074,2025-09-20 11:25:20,0,voicemail,TWR-146,Telecom Provider CDR
CALL00295,P026,P013,+91 7087393203,+91 9025419329,2026-03-26 16:35:32,719,voice,TWR-138,Telecom Provider CDR
CALL00296,P007,P033,+91 9834840362,+91 7027909944,2026-02-07 14:15:29,0,missed,TWR-118,Telecom Provider CDR
CALL00297,P026,P015,+91 7087393203,+91 9972065052,2025-10-04 13:10:33,601,voice,TWR-147,Telecom Provider CDR
CALL00298,P033,P023,+91 7027909944,+91 7050152218,2026-04-10 21:35:44,605,voice,TWR-176,Telecom Provider CDR
CALL00299,P023,P035,+91 7050152218,+91 7011946866,2025-10-28 10:00:38,280,voice,TWR-125,Telecom Provider CDR
CALL00300,P009,P027,+91 9899066376,+91 9884645824,2026-03-01 11:10:00,246,voice,TWR-130,Telecom Provider CDR
CALL00301,P041,P026,+91 9076168413,+91 7087393203,2026-04-17 10:25:29,0,voicemail,TWR-145,Telecom Provider CDR
CALL00302,P014,P041,+91 8048728842,+91 9076168413,2025-12-25 16:00:17,91,voice,TWR-109,Telecom Provider CDR
CALL00303,P025,P024,+91 9058248303,+91 9894670613,2026-01-04 15:35:12,622,voice,TWR-167,Telecom Provider CDR
CALL00304,P035,P017,+91 7011946866,+91 9945836599,2025-10-17 16:45:33,368,voice,TWR-137,Telecom Provider CDR
CALL00305,P021,P033,+91 7092466518,+91 7027909944,2026-01-12 21:25:11,90,voice,TWR-193,Telecom Provider CDR
CALL00306,P037,P004,+91 7067154811,+91 9817447787,2025-12-30 19:50:55,632,voice,TWR-160,Telecom Provider CDR
CALL00307,P023,P008,+91 7050152218,+91 9949882535,2025-10-28 15:50:58,654,voice,TWR-133,Telecom Provider CDR
CALL00308,P025,P021,+91 9058248303,+91 7092466518,2025-12-10 16:25:52,254,voice,TWR-140,Telecom Provider CDR
CALL00309,P021,P027,+91 7092466518,+91 9884645824,2026-02-01 22:15:06,0,voicemail,TWR-130,Telecom Provider CDR
CALL00310,P012,P023,+91 7017878352,+91 7050152218,2026-02-05 11:00:31,204,voice,TWR-146,Telecom Provider CDR
CALL00311,P038,P002,+91 8063442307,+91 9924029930,2025-11-14 11:50:42,0,missed,TWR-130,Telecom Provider CDR
CALL00312,P034,P022,+91 9021933488,+91 8011745854,2025-11-05 10:45:27,104,voice,TWR-194,Telecom Provider CDR
CALL00313,P038,P009,+91 8063442307,+91 9899066376,2025-10-23 23:10:32,500,voice,TWR-158,Telecom Provider CDR
CALL00314,P033,P010,+91 7027909944,+91 9891274271,2026-01-02 18:25:23,868,voice,TWR-128,Telecom Provider CDR
CALL00315,P022,P027,+91 8011745854,+91 9884645824,2026-02-26 07:50:23,637,voice,TWR-151,Telecom Provider CDR
CALL00316,P035,P034,+91 7011946866,+91 9021933488,2025-09-14 12:10:13,401,voice,TWR-117,Telecom Provider CDR
CALL00317,P016,P028,+91 9858538223,+91 8082176114,2025-09-20 08:25:48,749,voice,TWR-156,Telecom Provider CDR
CALL00318,P027,P019,+91 9884645824,+91 9961366134,2026-03-25 14:30:18,487,voice,TWR-147,Telecom Provider CDR
CALL00319,P037,P011,+91 7067154811,+91 9854026519,2025-09-23 23:10:55,301,voice,TWR-187,Telecom Provider CDR
CALL00320,P019,P017,+91 9961366134,+91 9945836599,2025-09-13 22:55:34,227,voice,TWR-188,Telecom Provider CDR
CALL00321,P012,P009,+91 7017878352,+91 9899066376,2025-10-06 19:55:33,165,voice,TWR-169,Telecom Provider CDR
CALL00322,P014,P002,+91 8048728842,+91 9924029930,2025-12-26 12:10:11,0,missed,TWR-160,Telecom Provider CDR
CALL00323,P009,P007,+91 9899066376,+91 9834840362,2026-04-11 14:40:58,0,missed,TWR-164,Telecom Provider CDR
CALL00324,P023,P010,+91 7050152218,+91 9891274271,2025-12-07 14:45:49,0,missed,TWR-118,Telecom Provider CDR
CALL00325,P005,P038,+91 8041629537,+91 8063442307,2026-01-29 18:40:47,323,voice,TWR-183,Telecom Provider CDR
CALL00326,P006,P042,+91 7037149286,+91 9855823679,2025-12-05 06:15:10,614,voice,TWR-140,Telecom Provider CDR
CALL00327,P018,P013,+91 9025135342,+91 9025419329,2025-12-29 13:15:11,0,missed,TWR-159,Telecom Provider CDR
CALL00328,P019,P032,+91 9961366134,+91 9012057074,2025-09-14 06:20:58,290,voice,TWR-158,Telecom Provider CDR
CALL00329,P032,P037,+91 9012057074,+91 7067154811,2025-11-11 14:35:37,123,voice,TWR-148,Telecom Provider CDR
CALL00330,P008,P042,+91 9949882535,+91 9855823679,2026-03-31 17:10:16,809,voice,TWR-143,Telecom Provider CDR
CALL00331,P010,P036,+91 9891274271,+91 9821597187,2026-01-21 07:45:14,769,voice,TWR-159,Telecom Provider CDR
CALL00332,P005,P018,+91 8041629537,+91 9025135342,2025-10-01 18:50:54,0,missed,TWR-121,Telecom Provider CDR
CALL00333,P004,P001,+91 9817447787,+91 9029837164,2025-10-30 06:10:07,568,voice,TWR-191,Telecom Provider CDR
CALL00334,P006,P009,+91 7037149286,+91 9899066376,2026-01-15 07:10:13,0,missed,TWR-190,Telecom Provider CDR
CALL00335,P023,P041,+91 7050152218,+91 9076168413,2026-03-07 10:10:47,160,voice,TWR-111,Telecom Provider CDR
CALL00336,P002,P021,+91 9924029930,+91 7092466518,2026-02-08 12:35:05,639,voice,TWR-129,Telecom Provider CDR
CALL00337,P019,P010,+91 9961366134,+91 9891274271,2026-01-28 14:25:30,0,missed,TWR-119,Telecom Provider CDR
CALL00338,P002,P010,+91 9924029930,+91 9891274271,2025-11-17 17:55:33,0,missed,TWR-168,Telecom Provider CDR
CALL00339,P001,P002,+91 9029837164,+91 9924029930,2025-10-10 12:20:07,356,voice,TWR-161,Telecom Provider CDR
CALL00340,P016,P020,+91 9858538223,+91 9978957272,2026-03-02 17:45:01,0,voicemail,TWR-136,Telecom Provider CDR
CALL00341,P002,P042,+91 9924029930,+91 9855823679,2025-12-28 16:35:32,129,voice,TWR-115,Telecom Provider CDR
CALL00342,P022,P011,+91 8011745854,+91 9854026519,2026-04-08 23:00:47,281,voice,TWR-167,Telecom Provider CDR
CALL00343,P011,P042,+91 9854026519,+91 9855823679,2025-11-23 13:00:30,0,missed,TWR-103,Telecom Provider CDR
CALL00344,P025,P011,+91 9058248303,+91 9854026519,2025-12-26 21:00:33,749,voice,TWR-127,Telecom Provider CDR
CALL00345,P023,P026,+91 7050152218,+91 7087393203,2026-03-30 19:20:28,0,missed,TWR-190,Telecom Provider CDR
CALL00346,P004,P003,+91 9817447787,+91 9812035599,2025-10-05 12:35:12,80,voice,TWR-132,Telecom Provider CDR
CALL00347,P015,P019,+91 9972065052,+91 9961366134,2026-01-08 12:15:59,0,missed,TWR-102,Telecom Provider CDR
CALL00348,P026,P035,+91 7087393203,+91 7011946866,2025-09-29 11:30:41,0,missed,TWR-141,Telecom Provider CDR
CALL00349,P032,P021,+91 9012057074,+91 7092466518,2025-10-06 12:40:23,142,voice,TWR-189,Telecom Provider CDR
CALL00350,P037,P028,+91 7067154811,+91 8082176114,2025-12-05 11:05:24,0,missed,TWR-137,Telecom Provider CDR
CALL00351,P001,P023,+91 9029837164,+91 7050152218,2025-12-28 06:50:14,747,voice,TWR-178,Telecom Provider CDR
CALL00352,P013,P042,+91 9025419329,+91 9855823679,2025-11-13 08:10:58,287,voice,TWR-131,Telecom Provider CDR
CALL00353,P021,P004,+91 7092466518,+91 9817447787,2025-11-26 22:55:39,0,missed,TWR-128,Telecom Provider CDR
CALL00354,P012,P021,+91 7017878352,+91 7092466518,2026-04-20 19:20:59,809,voice,TWR-152,Telecom Provider CDR
CALL00355,P008,P006,+91 9949882535,+91 7037149286,2025-12-11 23:45:02,13,voice,TWR-119,Telecom Provider CDR
CALL00356,P012,P022,+91 7017878352,+91 8011745854,2026-02-20 22:35:28,884,voice,TWR-196,Telecom Provider CDR
CALL00357,P013,P034,+91 9025419329,+91 9021933488,2025-11-16 22:20:16,79,voice,TWR-172,Telecom Provider CDR
CALL00358,P035,P010,+91 7011946866,+91 9891274271,2026-04-05 12:20:32,101,voice,TWR-197,Telecom Provider CDR
CALL00359,P011,P025,+91 9854026519,+91 9058248303,2025-09-15 11:35:58,0,voicemail,TWR-144,Telecom Provider CDR
CALL00360,P035,P014,+91 7011946866,+91 8048728842,2025-12-30 13:25:48,865,voice,TWR-169,Telecom Provider CDR
CALL00361,P038,P022,+91 8063442307,+91 8011745854,2025-12-22 08:15:47,370,voice,TWR-166,Telecom Provider CDR
CALL00362,P023,P038,+91 7050152218,+91 8063442307,2025-11-21 14:05:22,0,voicemail,TWR-182,Telecom Provider CDR
CALL00363,P022,P023,+91 8011745854,+91 7050152218,2026-04-09 12:50:27,0,missed,TWR-117,Telecom Provider CDR
CALL00364,P005,P023,+91 8041629537,+91 7050152218,2026-02-01 07:15:01,296,voice,TWR-118,Telecom Provider CDR
CALL00365,P033,P020,+91 7027909944,+91 9978957272,2026-02-01 14:10:51,0,missed,TWR-132,Telecom Provider CDR
CALL00366,P028,P013,+91 8082176114,+91 9025419329,2025-11-26 15:00:28,0,voicemail,TWR-177,Telecom Provider CDR
CALL00367,P027,P001,+91 9884645824,+91 9029837164,2025-11-01 23:40:18,53,voice,TWR-147,Telecom Provider CDR
CALL00368,P008,P024,+91 9949882535,+91 9894670613,2026-04-20 08:15:17,0,missed,TWR-165,Telecom Provider CDR
CALL00369,P028,P016,+91 8082176114,+91 9858538223,2025-10-30 13:35:19,499,voice,TWR-144,Telecom Provider CDR
CALL00370,P008,P009,+91 9949882535,+91 9899066376,2025-12-29 09:30:48,0,missed,TWR-110,Telecom Provider CDR
CALL00371,P001,P021,+91 9029837164,+91 7092466518,2026-01-02 21:40:55,714,voice,TWR-195,Telecom Provider CDR
CALL00372,P026,P012,+91 7087393203,+91 7017878352,2026-04-14 21:30:54,833,voice,TWR-113,Telecom Provider CDR
CALL00373,P035,P011,+91 7011946866,+91 9854026519,2025-09-12 08:25:12,0,missed,TWR-139,Telecom Provider CDR
CALL00374,P021,P012,+91 7092466518,+91 7017878352,2025-11-26 10:35:24,682,voice,TWR-194,Telecom Provider CDR
CALL00375,P041,P011,+91 9076168413,+91 9854026519,2026-03-10 16:35:40,108,voice,TWR-165,Telecom Provider CDR
CALL00376,P040,P022,+91 8079814367,+91 8011745854,2026-04-13 12:35:01,406,voice,TWR-104,Telecom Provider CDR
CALL00377,P002,P027,+91 9924029930,+91 9884645824,2025-09-30 07:40:35,138,voice,TWR-129,Telecom Provider CDR
CALL00378,P019,P027,+91 9961366134,+91 9884645824,2026-04-10 19:05:09,0,missed,TWR-190,Telecom Provider CDR
CALL00379,P011,P012,+91 9854026519,+91 7017878352,2025-10-29 20:30:08,0,missed,TWR-111,Telecom Provider CDR
CALL00380,P017,P013,+91 9945836599,+91 9025419329,2025-11-26 10:45:01,0,missed,TWR-108,Telecom Provider CDR
CALL00381,P017,P040,+91 9945836599,+91 8079814367,2025-10-29 16:05:47,0,voicemail,TWR-103,Telecom Provider CDR
CALL00382,P009,P037,+91 9899066376,+91 7067154811,2026-01-12 15:30:51,0,voicemail,TWR-154,Telecom Provider CDR
CALL00383,P040,P025,+91 8079814367,+91 9058248303,2025-11-17 17:35:45,0,missed,TWR-152,Telecom Provider CDR
CALL00384,P003,P010,+91 9812035599,+91 9891274271,2026-01-12 18:00:55,852,voice,TWR-104,Telecom Provider CDR
CALL00385,P003,P006,+91 9812035599,+91 7037149286,2025-11-22 16:00:59,857,voice,TWR-132,Telecom Provider CDR
CALL00386,P009,P014,+91 9899066376,+91 8048728842,2025-10-02 08:35:44,0,missed,TWR-154,Telecom Provider CDR
CALL00387,P015,P035,+91 9972065052,+91 7011946866,2026-01-10 07:40:29,114,voice,TWR-180,Telecom Provider CDR
CALL00388,P009,P007,+91 9899066376,+91 9834840362,2025-10-14 08:45:03,0,missed,TWR-138,Telecom Provider CDR
CALL00389,P028,P014,+91 8082176114,+91 8048728842,2025-11-17 10:40:38,875,voice,TWR-173,Telecom Provider CDR
CALL00390,P017,P003,+91 9945836599,+91 9812035599,2026-03-02 20:30:50,895,voice,TWR-114,Telecom Provider CDR
CALL00391,P038,P006,+91 8063442307,+91 7037149286,2026-03-14 19:50:43,0,missed,TWR-152,Telecom Provider CDR
CALL00392,P038,P042,+91 8063442307,+91 9855823679,2026-02-19 22:35:40,0,voicemail,TWR-162,Telecom Provider CDR
CALL00393,P011,P022,+91 9854026519,+91 8011745854,2025-09-27 07:45:58,256,voice,TWR-196,Telecom Provider CDR
CALL00394,P036,P013,+91 9821597187,+91 9025419329,2026-04-15 07:05:18,0,missed,TWR-142,Telecom Provider CDR
CALL00395,P005,P011,+91 8041629537,+91 9854026519,2026-04-06 21:40:25,0,voicemail,TWR-119,Telecom Provider CDR
CALL00396,P027,P036,+91 9884645824,+91 9821597187,2025-10-28 10:00:10,606,voice,TWR-118,Telecom Provider CDR
CALL00397,P003,P006,+91 9812035599,+91 7037149286,2026-01-09 14:35:43,0,voicemail,TWR-121,Telecom Provider CDR
CALL00398,P041,P037,+91 9076168413,+91 7067154811,2025-10-24 13:45:48,879,voice,TWR-149,Telecom Provider CDR
CALL00399,P010,P001,+91 9891274271,+91 9029837164,2025-12-15 08:20:44,510,voice,TWR-179,Telecom Provider CDR
CALL00400,P026,P025,+91 7087393203,+91 9058248303,2025-09-27 23:05:00,890,voice,TWR-166,Telecom Provider CDR
CALL00401,P014,P013,+91 8048728842,+91 9025419329,2025-11-28 13:15:55,609,voice,TWR-156,Telecom Provider CDR
CALL00402,P021,P011,+91 7092466518,+91 9854026519,2026-02-27 13:55:09,602,voice,TWR-144,Telecom Provider CDR
CALL00403,P005,P016,+91 8041629537,+91 9858538223,2026-02-19 15:45:35,512,voice,TWR-159,Telecom Provider CDR
CALL00404,P032,P012,+91 9012057074,+91 7017878352,2026-02-20 20:35:16,0,voicemail,TWR-125,Telecom Provider CDR
CALL00405,P009,P036,+91 9899066376,+91 9821597187,2025-12-09 22:45:39,28,voice,TWR-155,Telecom Provider CDR
CALL00406,P020,P010,+91 9978957272,+91 9891274271,2026-04-21 21:10:24,0,voicemail,TWR-160,Telecom Provider CDR
CALL00407,P040,P024,+91 8079814367,+91 9894670613,2026-02-04 10:25:05,20,voice,TWR-166,Telecom Provider CDR
CALL00408,P026,P023,+91 7087393203,+91 7050152218,2025-11-19 12:10:50,121,voice,TWR-114,Telecom Provider CDR
CALL00409,P042,P023,+91 9855823679,+91 7050152218,2026-03-08 13:30:31,790,voice,TWR-197,Telecom Provider CDR
CALL00410,P024,P010,+91 9894670613,+91 9891274271,2025-12-07 11:25:19,0,voicemail,TWR-172,Telecom Provider CDR
CALL00411,P038,P024,+91 8063442307,+91 9894670613,2026-03-15 06:50:20,674,voice,TWR-104,Telecom Provider CDR
CALL00412,P026,P011,+91 7087393203,+91 9854026519,2026-02-02 21:15:15,0,missed,TWR-179,Telecom Provider CDR
CALL00413,P041,P036,+91 9076168413,+91 9821597187,2026-03-15 23:55:00,502,voice,TWR-157,Telecom Provider CDR
CALL00414,P004,P038,+91 9817447787,+91 8063442307,2026-03-13 15:30:31,30,voice,TWR-127,Telecom Provider CDR
CALL00415,P032,P011,+91 9012057074,+91 9854026519,2026-01-18 13:25:58,27,voice,TWR-159,Telecom Provider CDR
CALL00416,P027,P001,+91 9884645824,+91 9029837164,2026-02-03 20:35:41,0,missed,TWR-175,Telecom Provider CDR
CALL00417,P008,P014,+91 9949882535,+91 8048728842,2025-10-01 14:20:15,488,voice,TWR-132,Telecom Provider CDR
CALL00418,P021,P016,+91 7092466518,+91 9858538223,2025-12-15 09:05:21,756,voice,TWR-122,Telecom Provider CDR
CALL00419,P014,P011,+91 8048728842,+91 9854026519,2026-01-05 06:50:19,0,missed,TWR-171,Telecom Provider CDR
CALL00420,P040,P004,+91 8079814367,+91 9817447787,2025-10-15 09:40:02,0,voicemail,TWR-133,Telecom Provider CDR
CALL00421,P023,P010,+91 7050152218,+91 9891274271,2025-09-30 11:50:23,0,voicemail,TWR-117,Telecom Provider CDR
CALL00422,P009,P019,+91 9899066376,+91 9961366134,2026-04-15 14:40:05,178,voice,TWR-145,Telecom Provider CDR
CALL00423,P019,P006,+91 9961366134,+91 7037149286,2025-11-30 15:35:00,0,voicemail,TWR-183,Telecom Provider CDR
CALL00424,P019,P013,+91 9961366134,+91 9025419329,2025-10-28 13:40:45,617,voice,TWR-144,Telecom Provider CDR
CALL00425,P033,P012,+91 7027909944,+91 7017878352,2025-09-10 08:30:58,327,voice,TWR-120,Telecom Provider CDR
CALL00426,P025,P011,+91 9058248303,+91 9854026519,2025-09-16 14:50:57,0,voicemail,TWR-195,Telecom Provider CDR
CALL00427,P037,P017,+91 7067154811,+91 9945836599,2025-12-31 10:35:51,705,voice,TWR-143,Telecom Provider CDR
CALL00428,P024,P013,+91 9894670613,+91 9025419329,2026-04-22 06:50:57,695,voice,TWR-109,Telecom Provider CDR
CALL00429,P035,P033,+91 7011946866,+91 7027909944,2026-02-16 22:25:18,92,voice,TWR-162,Telecom Provider CDR
CALL00430,P020,P023,+91 9978957272,+91 7050152218,2025-12-24 13:45:47,0,voicemail,TWR-109,Telecom Provider CDR
CALL00431,P042,P012,+91 9855823679,+91 7017878352,2025-12-09 21:15:09,462,voice,TWR-197,Telecom Provider CDR
CALL00432,P020,P013,+91 9978957272,+91 9025419329,2026-01-22 12:45:23,15,voice,TWR-189,Telecom Provider CDR
CALL00433,P020,P003,+91 9978957272,+91 9812035599,2026-01-01 14:05:03,0,missed,TWR-177,Telecom Provider CDR
CALL00434,P016,P006,+91 9858538223,+91 7037149286,2025-11-20 14:05:25,0,voicemail,TWR-139,Telecom Provider CDR
CALL00435,P040,P011,+91 8079814367,+91 9854026519,2026-01-26 16:20:38,0,voicemail,TWR-189,Telecom Provider CDR
CALL00436,P033,P010,+91 7027909944,+91 9891274271,2026-02-28 23:30:41,809,voice,TWR-154,Telecom Provider CDR
CALL00437,P038,P037,+91 8063442307,+91 7067154811,2025-10-16 21:25:05,0,missed,TWR-134,Telecom Provider CDR
CALL00438,P021,P015,+91 7092466518,+91 9972065052,2025-10-11 13:55:57,757,voice,TWR-146,Telecom Provider CDR
CALL00439,P016,P025,+91 9858538223,+91 9058248303,2026-02-02 12:30:09,419,voice,TWR-131,Telecom Provider CDR
CALL00440,P025,P001,+91 9058248303,+91 9029837164,2025-11-21 18:10:43,0,voicemail,TWR-152,Telecom Provider CDR
CALL00441,P040,P028,+91 8079814367,+91 8082176114,2025-09-12 18:15:17,0,voicemail,TWR-111,Telecom Provider CDR
CALL00442,P027,P041,+91 9884645824,+91 9076168413,2026-02-19 09:10:55,340,voice,TWR-114,Telecom Provider CDR
CALL00443,P004,P017,+91 9817447787,+91 9945836599,2025-09-19 13:55:59,598,voice,TWR-192,Telecom Provider CDR
CALL00444,P008,P025,+91 9949882535,+91 9058248303,2025-09-14 14:25:54,0,voicemail,TWR-105,Telecom Provider CDR
CALL00445,P032,P017,+91 9012057074,+91 9945836599,2025-10-17 19:35:19,758,voice,TWR-111,Telecom Provider CDR
CALL00446,P010,P009,+91 9891274271,+91 9899066376,2026-04-04 21:25:27,0,voicemail,TWR-198,Telecom Provider CDR
CALL00447,P013,P025,+91 9025419329,+91 9058248303,2025-12-26 06:50:24,408,voice,TWR-170,Telecom Provider CDR
CALL00448,P034,P009,+91 9021933488,+91 9899066376,2025-12-13 21:35:51,315,voice,TWR-199,Telecom Provider CDR
CALL00449,P035,P032,+91 7011946866,+91 9012057074,2026-02-10 12:30:58,0,voicemail,TWR-119,Telecom Provider CDR
CALL00450,P027,P007,+91 9884645824,+91 9834840362,2026-01-25 15:00:24,0,voicemail,TWR-168,Telecom Provider CDR
CALL00451,P038,P020,+91 8063442307,+91 9978957272,2025-12-28 21:25:14,554,voice,TWR-167,Telecom Provider CDR
CALL00452,P026,P008,+91 7087393203,+91 9949882535,2026-01-27 06:50:15,490,voice,TWR-140,Telecom Provider CDR
CALL00453,P015,P019,+91 9972065052,+91 9961366134,2025-12-27 23:55:13,397,voice,TWR-164,Telecom Provider CDR
CALL00454,P013,P016,+91 9025419329,+91 9858538223,2025-12-01 14:00:54,627,voice,TWR-124,Telecom Provider CDR
CALL00455,P006,P013,+91 7037149286,+91 9025419329,2026-03-04 06:05:18,169,voice,TWR-101,Telecom Provider CDR
CALL00456,P015,P014,+91 9972065052,+91 8048728842,2025-10-31 18:35:01,259,voice,TWR-127,Telecom Provider CDR
CALL00457,P035,P042,+91 7011946866,+91 9855823679,2026-03-09 09:35:47,675,voice,TWR-187,Telecom Provider CDR
CALL00458,P015,P024,+91 9972065052,+91 9894670613,2026-01-20 11:50:12,415,voice,TWR-146,Telecom Provider CDR
CALL00459,P014,P041,+91 8048728842,+91 9076168413,2026-01-10 17:50:21,495,voice,TWR-154,Telecom Provider CDR
CALL00460,P042,P013,+91 9855823679,+91 9025419329,2025-11-19 08:55:11,209,voice,TWR-152,Telecom Provider CDR
CALL00461,P005,P008,+91 8041629537,+91 9949882535,2025-12-06 23:20:08,551,voice,TWR-150,Telecom Provider CDR
CALL00462,P035,P007,+91 7011946866,+91 9834840362,2026-04-01 21:10:39,0,voicemail,TWR-116,Telecom Provider CDR
CALL00463,P011,P004,+91 9854026519,+91 9817447787,2025-12-10 13:10:19,733,voice,TWR-162,Telecom Provider CDR
CALL00464,P010,P001,+91 9891274271,+91 9029837164,2025-10-23 10:30:50,684,voice,TWR-180,Telecom Provider CDR
CALL00465,P041,P032,+91 9076168413,+91 9012057074,2026-03-23 06:10:23,0,voicemail,TWR-141,Telecom Provider CDR
CALL00466,P042,P036,+91 9855823679,+91 9821597187,2025-11-27 08:05:04,0,missed,TWR-136,Telecom Provider CDR
CALL00467,P034,P014,+91 9021933488,+91 8048728842,2026-03-08 16:30:14,0,voicemail,TWR-177,Telecom Provider CDR
CALL00468,P032,P042,+91 9012057074,+91 9855823679,2025-11-01 11:45:36,87,voice,TWR-114,Telecom Provider CDR
CALL00469,P013,P009,+91 9025419329,+91 9899066376,2025-10-13 07:30:06,497,voice,TWR-113,Telecom Provider CDR
CALL00470,P008,P033,+91 9949882535,+91 7027909944,2025-09-22 18:00:59,103,voice,TWR-172,Telecom Provider CDR
CALL00471,P014,P033,+91 8048728842,+91 7027909944,2026-02-06 16:30:08,0,missed,TWR-188,Telecom Provider CDR
CALL00472,P002,P003,+91 9924029930,+91 9812035599,2026-01-22 13:10:49,0,voicemail,TWR-165,Telecom Provider CDR
CALL00473,P007,P032,+91 9834840362,+91 9012057074,2025-09-25 17:00:22,401,voice,TWR-154,Telecom Provider CDR
CALL00474,P020,P012,+91 9978957272,+91 7017878352,2025-09-26 09:35:38,92,voice,TWR-109,Telecom Provider CDR
CALL00475,P022,P024,+91 8011745854,+91 9894670613,2026-01-06 07:20:39,0,voicemail,TWR-143,Telecom Provider CDR
CALL00476,P003,P004,+91 9812035599,+91 9817447787,2025-10-30 06:45:56,853,voice,TWR-185,Telecom Provider CDR
CALL00477,P015,P017,+91 9972065052,+91 9945836599,2026-04-02 18:20:29,0,voicemail,TWR-155,Telecom Provider CDR
CALL00478,P026,P001,+91 7087393203,+91 9029837164,2025-09-13 19:45:56,464,voice,TWR-131,Telecom Provider CDR
CALL00479,P027,P042,+91 9884645824,+91 9855823679,2025-10-26 22:25:17,0,missed,TWR-105,Telecom Provider CDR
CALL00480,P013,P023,+91 9025419329,+91 7050152218,2026-02-11 21:05:30,0,missed,TWR-164,Telecom Provider CDR
CALL00481,P014,P025,+91 8048728842,+91 9058248303,2026-02-09 12:30:05,0,voicemail,TWR-124,Telecom Provider CDR
CALL00482,P011,P021,+91 9854026519,+91 7092466518,2026-01-06 09:50:47,0,missed,TWR-132,Telecom Provider CDR
CALL00483,P020,P014,+91 9978957272,+91 8048728842,2026-04-19 11:55:50,0,missed,TWR-179,Telecom Provider CDR
CALL00484,P002,P012,+91 9924029930,+91 7017878352,2026-03-08 16:50:50,429,voice,TWR-107,Telecom Provider CDR
CALL00485,P022,P012,+91 8011745854,+91 7017878352,2025-09-12 12:15:23,0,missed,TWR-136,Telecom Provider CDR
CALL00486,P032,P012,+91 9012057074,+91 7017878352,2026-04-23 19:50:46,215,voice,TWR-153,Telecom Provider CDR
CALL00487,P023,P007,+91 7050152218,+91 9834840362,2026-03-03 10:00:22,0,voicemail,TWR-159,Telecom Provider CDR
CALL00488,P002,P035,+91 9924029930,+91 7011946866,2026-03-13 07:55:28,0,missed,TWR-156,Telecom Provider CDR
CALL00489,P011,P019,+91 9854026519,+91 9961366134,2026-03-17 16:20:52,193,voice,TWR-181,Telecom Provider CDR
CALL00490,P034,P023,+91 9021933488,+91 7050152218,2026-01-13 17:10:02,301,voice,TWR-145,Telecom Provider CDR
CALL00491,P002,P026,+91 9924029930,+91 7087393203,2026-01-04 20:20:10,198,voice,TWR-112,Telecom Provider CDR
CALL00492,P026,P023,+91 7087393203,+91 7050152218,2025-11-14 16:20:05,0,missed,TWR-114,Telecom Provider CDR
CALL00493,P042,P025,+91 9855823679,+91 9058248303,2025-11-14 08:55:07,313,voice,TWR-124,Telecom Provider CDR
CALL00494,P015,P025,+91 9972065052,+91 9058248303,2026-02-08 21:05:18,63,voice,TWR-157,Telecom Provider CDR
CALL00495,P020,P037,+91 9978957272,+91 7067154811,2026-02-16 22:00:02,0,voicemail,TWR-114,Telecom Provider CDR
CALL00496,P008,P017,+91 9949882535,+91 9945836599,2025-11-28 18:00:26,0,missed,TWR-149,Telecom Provider CDR
CALL00497,P016,P006,+91 9858538223,+91 7037149286,2025-10-07 09:25:17,19,voice,TWR-140,Telecom Provider CDR
CALL00498,P012,P017,+91 7017878352,+91 9945836599,2025-12-05 14:35:25,701,voice,TWR-198,Telecom Provider CDR
CALL00499,P016,P003,+91 9858538223,+91 9812035599,2026-04-25 13:40:07,778,voice,TWR-111,Telecom Provider CDR
CALL00500,P006,P013,+91 7037149286,+91 9025419329,2026-04-03 08:50:56,345,voice,TWR-134,Telecom Provider CDR
CALL00501,P033,P018,+91 7027909944,+91 9025135342,2025-11-25 22:30:29,0,voicemail,TWR-157,Telecom Provider CDR
CALL00502,P001,P023,+91 9029837164,+91 7050152218,2025-12-12 23:40:13,592,voice,TWR-102,Telecom Provider CDR
CALL00503,P006,P035,+91 7037149286,+91 7011946866,2025-12-13 15:10:07,38,voice,TWR-192,Telecom Provider CDR
CALL00504,P034,P025,+91 9021933488,+91 9058248303,2026-04-18 23:15:36,604,voice,TWR-159,Telecom Provider CDR
CALL00505,P013,P028,+91 9025419329,+91 8082176114,2025-12-15 13:30:52,112,voice,TWR-147,Telecom Provider CDR
CALL00506,P017,P024,+91 9945836599,+91 9894670613,2025-10-06 13:10:14,807,voice,TWR-123,Telecom Provider CDR
CALL00507,P028,P024,+91 8082176114,+91 9894670613,2025-10-08 19:55:23,0,voicemail,TWR-148,Telecom Provider CDR
CALL00508,P008,P013,+91 9949882535,+91 9025419329,2026-02-06 23:00:26,0,missed,TWR-129,Telecom Provider CDR
CALL00509,P019,P015,+91 9961366134,+91 9972065052,2025-10-07 21:20:47,537,voice,TWR-187,Telecom Provider CDR
CALL00510,P025,P019,+91 9058248303,+91 9961366134,2025-12-16 09:30:27,0,missed,TWR-157,Telecom Provider CDR
CALL00511,P034,P020,+91 9021933488,+91 9978957272,2026-03-09 22:55:02,314,voice,TWR-103,Telecom Provider CDR
CALL00512,P033,P008,+91 7027909944,+91 9949882535,2025-10-11 17:50:26,760,voice,TWR-110,Telecom Provider CDR
CALL00513,P003,P033,+91 9812035599,+91 7027909944,2026-02-10 21:40:10,0,missed,TWR-124,Telecom Provider CDR
CALL00514,P017,P022,+91 9945836599,+91 8011745854,2025-10-17 19:25:23,0,missed,TWR-106,Telecom Provider CDR
CALL00515,P020,P032,+91 9978957272,+91 9012057074,2025-09-14 19:40:41,0,voicemail,TWR-130,Telecom Provider CDR
CALL00516,P027,P014,+91 9884645824,+91 8048728842,2025-10-10 20:55:28,179,voice,TWR-125,Telecom Provider CDR
CALL00517,P013,P005,+91 9025419329,+91 8041629537,2025-12-18 20:30:16,499,voice,TWR-172,Telecom Provider CDR
CALL00518,P037,P017,+91 7067154811,+91 9945836599,2026-02-14 16:25:37,0,voicemail,TWR-148,Telecom Provider CDR
CALL00519,P032,P019,+91 9012057074,+91 9961366134,2026-03-26 23:15:06,328,voice,TWR-118,Telecom Provider CDR
CALL00520,P006,P007,+91 7037149286,+91 9834840362,2026-01-16 18:30:22,0,missed,TWR-176,Telecom Provider CDR
CALL00521,P003,P005,+91 9812035599,+91 8041629537,2026-03-04 08:15:54,813,voice,TWR-125,Telecom Provider CDR
CALL00522,P007,P005,+91 9834840362,+91 8041629537,2026-01-24 09:10:34,371,voice,TWR-187,Telecom Provider CDR
CALL00523,P016,P003,+91 9858538223,+91 9812035599,2026-02-17 13:05:42,0,missed,TWR-181,Telecom Provider CDR
CALL00524,P042,P033,+91 9855823679,+91 7027909944,2025-12-20 10:50:48,691,voice,TWR-155,Telecom Provider CDR
CALL00525,P003,P026,+91 9812035599,+91 7087393203,2026-03-05 14:00:03,222,voice,TWR-120,Telecom Provider CDR
CALL00526,P032,P026,+91 9012057074,+91 7087393203,2025-10-13 10:00:40,218,voice,TWR-174,Telecom Provider CDR
CALL00527,P024,P038,+91 9894670613,+91 8063442307,2026-01-03 09:10:46,0,missed,TWR-121,Telecom Provider CDR
CALL00528,P003,P015,+91 9812035599,+91 9972065052,2026-03-29 06:00:22,0,missed,TWR-116,Telecom Provider CDR
CALL00529,P034,P037,+91 9021933488,+91 7067154811,2026-02-25 10:45:37,422,voice,TWR-141,Telecom Provider CDR
CALL00530,P041,P011,+91 9076168413,+91 9854026519,2026-03-23 19:50:24,279,voice,TWR-168,Telecom Provider CDR
CALL00531,P004,P008,+91 9817447787,+91 9949882535,2026-01-05 16:35:58,258,voice,TWR-106,Telecom Provider CDR
CALL00532,P009,P027,+91 9899066376,+91 9884645824,2026-01-28 07:15:14,0,voicemail,TWR-196,Telecom Provider CDR
CALL00533,P006,P034,+91 7037149286,+91 9021933488,2025-09-27 17:30:33,668,voice,TWR-135,Telecom Provider CDR
CALL00534,P036,P002,+91 9821597187,+91 9924029930,2026-02-05 17:10:29,797,voice,TWR-124,Telecom Provider CDR
CALL00535,P024,P015,+91 9894670613,+91 9972065052,2026-03-17 09:25:34,275,voice,TWR-177,Telecom Provider CDR
CALL00536,P033,P013,+91 7027909944,+91 9025419329,2026-02-25 21:55:50,556,voice,TWR-117,Telecom Provider CDR
CALL00537,P008,P040,+91 9949882535,+91 8079814367,2025-09-29 12:45:21,499,voice,TWR-119,Telecom Provider CDR
CALL00538,P023,P007,+91 7050152218,+91 9834840362,2025-11-09 12:55:56,240,voice,TWR-105,Telecom Provider CDR
CALL00539,P042,P012,+91 9855823679,+91 7017878352,2026-03-01 17:55:34,0,missed,TWR-132,Telecom Provider CDR
CALL00540,P035,P006,+91 7011946866,+91 7037149286,2025-12-05 23:15:58,172,voice,TWR-102,Telecom Provider CDR
CALL00541,P025,P042,+91 9058248303,+91 9855823679,2026-02-18 07:05:06,694,voice,TWR-173,Telecom Provider CDR
CALL00542,P003,P011,+91 9812035599,+91 9854026519,2026-04-14 14:05:29,278,voice,TWR-143,Telecom Provider CDR
CALL00543,P007,P002,+91 9834840362,+91 9924029930,2026-02-14 20:55:33,409,voice,TWR-192,Telecom Provider CDR
CALL00544,P005,P017,+91 8041629537,+91 9945836599,2025-10-27 21:20:34,0,voicemail,TWR-178,Telecom Provider CDR
CALL00545,P019,P025,+91 9961366134,+91 9058248303,2025-10-01 12:45:26,410,voice,TWR-114,Telecom Provider CDR
CALL00546,P041,P024,+91 9076168413,+91 9894670613,2025-11-06 18:35:39,0,missed,TWR-170,Telecom Provider CDR
CALL00547,P013,P020,+91 9025419329,+91 9978957272,2025-10-29 12:55:32,617,voice,TWR-153,Telecom Provider CDR
CALL00548,P002,P007,+91 9924029930,+91 9834840362,2026-02-01 22:15:37,0,missed,TWR-111,Telecom Provider CDR
CALL00549,P022,P003,+91 8011745854,+91 9812035599,2025-10-07 06:50:10,340,voice,TWR-126,Telecom Provider CDR
CALL00550,P019,P040,+91 9961366134,+91 8079814367,2026-01-09 09:15:07,106,voice,TWR-162,Telecom Provider CDR
CALL00551,P008,P011,+91 9949882535,+91 9854026519,2026-03-18 16:45:53,0,voicemail,TWR-126,Telecom Provider CDR
CALL00552,P041,P013,+91 9076168413,+91 9025419329,2026-01-23 09:00:50,732,voice,TWR-181,Telecom Provider CDR
CALL00553,P002,P026,+91 9924029930,+91 7087393203,2025-11-24 19:00:38,0,voicemail,TWR-192,Telecom Provider CDR
CALL00554,P036,P001,+91 9821597187,+91 9029837164,2026-01-28 07:10:03,0,missed,TWR-175,Telecom Provider CDR
CALL00555,P012,P027,+91 7017878352,+91 9884645824,2026-04-21 12:55:47,0,missed,TWR-136,Telecom Provider CDR
CALL00556,P012,P027,+91 7017878352,+91 9884645824,2026-02-02 18:55:13,383,voice,TWR-100,Telecom Provider CDR
CALL00557,P012,P027,+91 7017878352,+91 9884645824,2026-03-15 23:15:56,0,missed,TWR-184,Telecom Provider CDR
CALL00558,P012,P027,+91 7017878352,+91 9884645824,2025-12-28 14:10:30,308,voice,TWR-173,Telecom Provider CDR
CALL00559,P012,P027,+91 7017878352,+91 9884645824,2025-10-02 21:05:09,0,missed,TWR-149,Telecom Provider CDR
CALL00560,P012,P027,+91 7017878352,+91 9884645824,2025-10-23 16:20:22,303,voice,TWR-142,Telecom Provider CDR
CALL00561,P012,P027,+91 7017878352,+91 9884645824,2025-12-25 12:40:05,0,missed,TWR-108,Telecom Provider CDR
CALL00562,P012,P027,+91 7017878352,+91 9884645824,2025-12-05 21:00:16,799,voice,TWR-181,Telecom Provider CDR
CALL00563,P012,P027,+91 7017878352,+91 9884645824,2026-02-14 12:10:18,0,voicemail,TWR-140,Telecom Provider CDR
CALL00564,P012,P027,+91 7017878352,+91 9884645824,2025-10-02 06:15:09,0,missed,TWR-137,Telecom Provider CDR
CALL00565,P012,P027,+91 7017878352,+91 9884645824,2026-04-19 10:05:07,273,voice,TWR-174,Telecom Provider CDR
CALL00566,P012,P027,+91 7017878352,+91 9884645824,2025-10-06 13:15:11,0,voicemail,TWR-195,Telecom Provider CDR
CALL00567,P021,P034,+91 7092466518,+91 9021933488,2026-03-17 15:40:54,0,missed,TWR-170,Telecom Provider CDR
CALL00568,P021,P034,+91 7092466518,+91 9021933488,2025-12-11 06:15:37,222,voice,TWR-114,Telecom Provider CDR
CALL00569,P021,P034,+91 7092466518,+91 9021933488,2025-09-29 19:30:39,0,missed,TWR-128,Telecom Provider CDR
CALL00570,P021,P034,+91 7092466518,+91 9021933488,2026-04-12 09:30:41,330,voice,TWR-175,Telecom Provider CDR
CALL00571,P021,P034,+91 7092466518,+91 9021933488,2026-03-01 17:20:54,0,voicemail,TWR-188,Telecom Provider CDR
CALL00572,P021,P034,+91 7092466518,+91 9021933488,2026-04-21 15:10:09,333,voice,TWR-194,Telecom Provider CDR
CALL00573,P018,P032,+91 9025135342,+91 9012057074,2025-11-11 21:05:06,895,voice,TWR-164,Telecom Provider CDR
CALL00574,P018,P032,+91 9025135342,+91 9012057074,2025-09-20 18:30:20,31,voice,TWR-146,Telecom Provider CDR
CALL00575,P018,P032,+91 9025135342,+91 9012057074,2025-11-09 17:45:00,485,voice,TWR-109,Telecom Provider CDR
CALL00576,P018,P032,+91 9025135342,+91 9012057074,2025-10-21 20:30:37,675,voice,TWR-142,Telecom Provider CDR
CALL00577,P018,P032,+91 9025135342,+91 9012057074,2025-09-16 07:40:24,384,voice,TWR-166,Telecom Provider CDR
CALL00578,P018,P032,+91 9025135342,+91 9012057074,2025-12-22 20:55:26,0,missed,TWR-152,Telecom Provider CDR
CALL00579,P018,P032,+91 9025135342,+91 9012057074,2026-01-03 17:40:25,279,voice,TWR-141,Telecom Provider CDR
CALL00580,P026,P006,+91 7087393203,+91 7037149286,2026-02-18 19:45:31,0,voicemail,TWR-102,Telecom Provider CDR
CALL00581,P026,P006,+91 7087393203,+91 7037149286,2026-03-23 21:25:19,0,missed,TWR-160,Telecom Provider CDR
CALL00582,P026,P006,+91 7087393203,+91 7037149286,2026-01-17 09:25:09,0,voicemail,TWR-128,Telecom Provider CDR
CALL00583,P026,P006,+91 7087393203,+91 7037149286,2025-11-11 06:50:12,893,voice,TWR-114,Telecom Provider CDR
CALL00584,P008,P016,+91 9949882535,+91 9858538223,2026-02-02 14:15:45,648,voice,TWR-196,Telecom Provider CDR
CALL00585,P008,P016,+91 9949882535,+91 9858538223,2026-01-07 23:00:00,324,voice,TWR-175,Telecom Provider CDR
CALL00586,P008,P016,+91 9949882535,+91 9858538223,2026-03-31 15:20:14,0,missed,TWR-110,Telecom Provider CDR
CALL00587,P008,P016,+91 9949882535,+91 9858538223,2026-02-25 22:35:28,331,voice,TWR-187,Telecom Provider CDR
CALL00588,P008,P016,+91 9949882535,+91 9858538223,2026-02-27 17:05:29,270,voice,TWR-190,Telecom Provider CDR
CALL00589,P008,P016,+91 9949882535,+91 9858538223,2026-02-20 08:45:29,708,voice,TWR-127,Telecom Provider CDR
CALL00590,P008,P016,+91 9949882535,+91 9858538223,2026-03-25 23:40:08,819,voice,TWR-102,Telecom Provider CDR
CALL00591,P008,P016,+91 9949882535,+91 9858538223,2026-01-08 13:30:25,0,missed,TWR-139,Telecom Provider CDR
CALL00592,P008,P016,+91 9949882535,+91 9858538223,2026-03-31 20:25:08,176,voice,TWR-153,Telecom Provider CDR
CALL00593,P008,P016,+91 9949882535,+91 9858538223,2026-04-25 13:30:27,593,voice,TWR-187,Telecom Provider CDR
CALL00594,P008,P016,+91 9949882535,+91 9858538223,2025-10-22 16:05:37,0,missed,TWR-144,Telecom Provider CDR
CALL00595,P001,P003,+91 9029837164,+91 9812035599,2026-01-28 15:35:19,258,voice,TWR-101,Telecom Provider CDR
CALL00596,P001,P003,+91 9029837164,+91 9812035599,2026-01-21 19:40:47,8,voice,TWR-113,Telecom Provider CDR
CALL00597,P001,P003,+91 9029837164,+91 9812035599,2026-02-18 21:55:17,158,voice,TWR-114,Telecom Provider CDR
CALL00598,P001,P003,+91 9029837164,+91 9812035599,2025-09-18 06:35:22,0,missed,TWR-154,Telecom Provider CDR
CALL00599,P001,P038,+91 9029837164,+91 8063442307,2025-09-22 22:30:45,0,voicemail,TWR-196,Telecom Provider CDR
CALL00600,P001,P038,+91 9029837164,+91 8063442307,2025-12-16 13:35:35,0,missed,TWR-199,Telecom Provider CDR
CALL00601,P001,P038,+91 9029837164,+91 8063442307,2026-02-19 22:20:03,0,missed,TWR-152,Telecom Provider CDR
CALL00602,P001,P038,+91 9029837164,+91 8063442307,2026-04-04 12:00:58,0,missed,TWR-173,Telecom Provider CDR
CALL00603,P001,P038,+91 9029837164,+91 8063442307,2026-04-05 09:35:22,0,missed,TWR-168,Telecom Provider CDR
CALL00604,P001,P038,+91 9029837164,+91 8063442307,2025-09-20 19:15:46,155,voice,TWR-196,Telecom Provider CDR
CALL00605,P001,P038,+91 9029837164,+91 8063442307,2026-03-11 10:25:47,0,voicemail,TWR-102,Telecom Provider CDR
CALL00606,P001,P038,+91 9029837164,+91 8063442307,2025-12-31 21:20:45,899,voice,TWR-159,Telecom Provider CDR
CALL00607,P002,P004,+91 9924029930,+91 9817447787,2025-12-22 06:55:46,485,voice,TWR-131,Telecom Provider CDR
CALL00608,P002,P004,+91 9924029930,+91 9817447787,2026-04-18 20:35:18,0,voicemail,TWR-165,Telecom Provider CDR
CALL00609,P002,P004,+91 9924029930,+91 9817447787,2025-11-07 22:05:16,0,voicemail,TWR-131,Telecom Provider CDR
CALL00610,P002,P004,+91 9924029930,+91 9817447787,2025-10-23 15:50:13,154,voice,TWR-118,Telecom Provider CDR
CALL00611,P002,P004,+91 9924029930,+91 9817447787,2025-09-21 14:05:50,841,voice,TWR-152,Telecom Provider CDR
CALL00612,P002,P004,+91 9924029930,+91 9817447787,2025-09-23 22:40:29,0,missed,TWR-179,Telecom Provider CDR
CALL00613,P002,P004,+91 9924029930,+91 9817447787,2025-11-25 09:55:13,0,voicemail,TWR-162,Telecom Provider CDR
CALL00614,P002,P004,+91 9924029930,+91 9817447787,2025-12-19 20:30:04,96,voice,TWR-126,Telecom Provider CDR
CALL00615,P002,P010,+91 9924029930,+91 9891274271,2025-12-25 06:45:49,478,voice,TWR-104,Telecom Provider CDR
CALL00616,P002,P010,+91 9924029930,+91 9891274271,2026-03-11 07:30:58,0,missed,TWR-197,Telecom Provider CDR
CALL00617,P002,P010,+91 9924029930,+91 9891274271,2025-12-12 23:25:58,0,voicemail,TWR-182,Telecom Provider CDR
CALL00618,P002,P010,+91 9924029930,+91 9891274271,2026-01-03 22:25:44,497,voice,TWR-171,Telecom Provider CDR
CALL00619,P002,P010,+91 9924029930,+91 9891274271,2025-12-14 19:15:21,43,voice,TWR-191,Telecom Provider CDR
CALL00620,P002,P010,+91 9924029930,+91 9891274271,2026-03-03 09:25:07,129,voice,TWR-175,Telecom Provider CDR
CALL00621,P002,P010,+91 9924029930,+91 9891274271,2025-10-15 14:15:58,359,voice,TWR-186,Telecom Provider CDR
CALL00622,P002,P010,+91 9924029930,+91 9891274271,2025-11-22 21:15:57,352,voice,TWR-167,Telecom Provider CDR
CALL00623,P002,P010,+91 9924029930,+91 9891274271,2025-12-03 06:05:06,781,voice,TWR-120,Telecom Provider CDR
CALL00624,P002,P010,+91 9924029930,+91 9891274271,2026-03-04 08:15:45,569,voice,TWR-134,Telecom Provider CDR
CALL00625,P002,P035,+91 9924029930,+91 7011946866,2025-11-02 07:35:55,860,voice,TWR-199,Telecom Provider CDR
CALL00626,P002,P035,+91 9924029930,+91 7011946866,2025-09-23 20:35:58,711,voice,TWR-152,Telecom Provider CDR
CALL00627,P002,P035,+91 9924029930,+91 7011946866,2026-04-02 08:35:47,189,voice,TWR-137,Telecom Provider CDR
CALL00628,P002,P035,+91 9924029930,+91 7011946866,2026-02-21 19:50:20,0,voicemail,TWR-169,Telecom Provider CDR
CALL00629,P006,P019,+91 7037149286,+91 9961366134,2026-02-13 18:35:11,584,voice,TWR-188,Telecom Provider CDR
CALL00630,P006,P019,+91 7037149286,+91 9961366134,2025-12-30 15:30:27,0,voicemail,TWR-150,Telecom Provider CDR
CALL00631,P006,P019,+91 7037149286,+91 9961366134,2025-12-05 07:00:10,122,voice,TWR-130,Telecom Provider CDR
CALL00632,P006,P019,+91 7037149286,+91 9961366134,2025-10-08 07:10:55,0,voicemail,TWR-156,Telecom Provider CDR
CALL00633,P006,P027,+91 7037149286,+91 9884645824,2025-10-26 20:10:13,77,voice,TWR-180,Telecom Provider CDR
CALL00634,P006,P027,+91 7037149286,+91 9884645824,2026-04-20 17:10:21,0,voicemail,TWR-188,Telecom Provider CDR
CALL00635,P006,P027,+91 7037149286,+91 9884645824,2026-02-14 21:55:53,0,missed,TWR-170,Telecom Provider CDR
CALL00636,P006,P027,+91 7037149286,+91 9884645824,2025-11-16 14:50:19,136,voice,TWR-146,Telecom Provider CDR
CALL00637,P006,P027,+91 7037149286,+91 9884645824,2025-10-10 08:45:58,198,voice,TWR-185,Telecom Provider CDR
CALL00638,P006,P027,+91 7037149286,+91 9884645824,2026-02-26 09:40:55,731,voice,TWR-131,Telecom Provider CDR
CALL00639,P006,P027,+91 7037149286,+91 9884645824,2026-03-20 23:45:53,644,voice,TWR-138,Telecom Provider CDR
CALL00640,P009,P014,+91 9899066376,+91 8048728842,2026-01-18 17:35:15,699,voice,TWR-134,Telecom Provider CDR
CALL00641,P009,P014,+91 9899066376,+91 8048728842,2026-03-16 14:10:34,0,missed,TWR-176,Telecom Provider CDR
CALL00642,P009,P014,+91 9899066376,+91 8048728842,2025-11-05 06:05:59,527,voice,TWR-141,Telecom Provider CDR
CALL00643,P009,P014,+91 9899066376,+91 8048728842,2025-09-20 09:15:31,0,missed,TWR-183,Telecom Provider CDR
CALL00644,P009,P014,+91 9899066376,+91 8048728842,2026-03-07 21:25:32,562,voice,TWR-109,Telecom Provider CDR
CALL00645,P009,P014,+91 9899066376,+91 8048728842,2025-09-17 07:25:17,358,voice,TWR-161,Telecom Provider CDR
CALL00646,P009,P014,+91 9899066376,+91 8048728842,2026-01-30 07:55:52,529,voice,TWR-161,Telecom Provider CDR
CALL00647,P009,P014,+91 9899066376,+91 8048728842,2025-11-25 14:55:32,0,missed,TWR-137,Telecom Provider CDR
CALL00648,P009,P014,+91 9899066376,+91 8048728842,2025-12-28 22:25:19,0,voicemail,TWR-196,Telecom Provider CDR
CALL00649,P009,P014,+91 9899066376,+91 8048728842,2026-04-08 14:40:08,475,voice,TWR-144,Telecom Provider CDR
CALL00650,P009,P014,+91 9899066376,+91 8048728842,2026-03-26 16:30:18,606,voice,TWR-151,Telecom Provider CDR
CALL00651,P009,P014,+91 9899066376,+91 8048728842,2026-03-16 23:30:32,375,voice,TWR-162,Telecom Provider CDR
CALL00652,P009,P014,+91 9899066376,+91 8048728842,2026-01-06 12:55:43,295,voice,TWR-112,Telecom Provider CDR
CALL00653,P009,P014,+91 9899066376,+91 8048728842,2025-12-19 22:35:19,241,voice,TWR-155,Telecom Provider CDR
CALL00654,P009,P014,+91 9899066376,+91 8048728842,2026-01-11 17:05:29,167,voice,TWR-199,Telecom Provider CDR
CALL00655,P009,P021,+91 9899066376,+91 7092466518,2026-03-05 18:05:14,569,voice,TWR-181,Telecom Provider CDR
CALL00656,P009,P021,+91 9899066376,+91 7092466518,2026-03-06 10:30:24,697,voice,TWR-121,Telecom Provider CDR
CALL00657,P009,P021,+91 9899066376,+91 7092466518,2026-03-11 23:30:55,106,voice,TWR-111,Telecom Provider CDR
CALL00658,P009,P021,+91 9899066376,+91 7092466518,2026-01-24 12:45:00,0,missed,TWR-142,Telecom Provider CDR
CALL00659,P009,P025,+91 9899066376,+91 9058248303,2025-09-18 17:45:59,0,missed,TWR-146,Telecom Provider CDR
CALL00660,P009,P025,+91 9899066376,+91 9058248303,2026-03-12 18:10:58,0,voicemail,TWR-193,Telecom Provider CDR
CALL00661,P009,P025,+91 9899066376,+91 9058248303,2025-09-16 22:20:07,424,voice,TWR-191,Telecom Provider CDR
CALL00662,P009,P025,+91 9899066376,+91 9058248303,2025-09-13 23:30:47,20,voice,TWR-156,Telecom Provider CDR
CALL00663,P009,P033,+91 9899066376,+91 7027909944,2026-03-19 19:50:45,0,missed,TWR-110,Telecom Provider CDR
CALL00664,P009,P033,+91 9899066376,+91 7027909944,2025-12-31 15:15:09,0,voicemail,TWR-116,Telecom Provider CDR
CALL00665,P009,P033,+91 9899066376,+91 7027909944,2026-03-01 11:15:33,383,voice,TWR-117,Telecom Provider CDR
CALL00666,P009,P033,+91 9899066376,+91 7027909944,2025-12-01 23:55:31,637,voice,TWR-172,Telecom Provider CDR
CALL00667,P009,P033,+91 9899066376,+91 7027909944,2026-02-28 18:40:38,0,missed,TWR-109,Telecom Provider CDR
CALL00668,P009,P033,+91 9899066376,+91 7027909944,2025-12-28 06:30:13,0,missed,TWR-168,Telecom Provider CDR
CALL00669,P009,P033,+91 9899066376,+91 7027909944,2025-10-16 14:40:43,811,voice,TWR-115,Telecom Provider CDR
CALL00670,P009,P033,+91 9899066376,+91 7027909944,2025-11-25 17:40:23,511,voice,TWR-192,Telecom Provider CDR
CALL00671,P009,P033,+91 9899066376,+91 7027909944,2026-01-21 22:25:02,452,voice,TWR-136,Telecom Provider CDR
CALL00672,P009,P033,+91 9899066376,+91 7027909944,2025-10-06 16:15:30,119,voice,TWR-180,Telecom Provider CDR
CALL00673,P009,P033,+91 9899066376,+91 7027909944,2026-04-12 20:05:39,0,voicemail,TWR-134,Telecom Provider CDR
CALL00674,P009,P033,+91 9899066376,+91 7027909944,2026-01-26 09:55:16,0,voicemail,TWR-186,Telecom Provider CDR
CALL00675,P009,P033,+91 9899066376,+91 7027909944,2025-11-02 21:35:38,0,missed,TWR-190,Telecom Provider CDR
CALL00676,P009,P034,+91 9899066376,+91 9021933488,2026-04-06 06:20:18,0,voicemail,TWR-195,Telecom Provider CDR
CALL00677,P009,P034,+91 9899066376,+91 9021933488,2026-02-28 23:55:35,0,missed,TWR-114,Telecom Provider CDR
CALL00678,P009,P034,+91 9899066376,+91 9021933488,2025-11-11 06:15:31,445,voice,TWR-107,Telecom Provider CDR
CALL00679,P009,P034,+91 9899066376,+91 9021933488,2026-02-02 16:00:25,319,voice,TWR-135,Telecom Provider CDR
CALL00680,P009,P034,+91 9899066376,+91 9021933488,2026-04-02 14:00:22,808,voice,TWR-180,Telecom Provider CDR
CALL00681,P011,P012,+91 9854026519,+91 7017878352,2025-10-06 19:50:40,0,missed,TWR-174,Telecom Provider CDR
CALL00682,P011,P012,+91 9854026519,+91 7017878352,2025-09-13 13:20:21,0,voicemail,TWR-193,Telecom Provider CDR
CALL00683,P011,P012,+91 9854026519,+91 7017878352,2026-02-17 20:35:23,672,voice,TWR-112,Telecom Provider CDR
CALL00684,P011,P012,+91 9854026519,+91 7017878352,2025-10-04 20:25:19,0,voicemail,TWR-183,Telecom Provider CDR
CALL00685,P011,P012,+91 9854026519,+91 7017878352,2026-02-22 14:10:05,451,voice,TWR-199,Telecom Provider CDR
CALL00686,P011,P012,+91 9854026519,+91 7017878352,2026-03-27 12:05:31,0,missed,TWR-151,Telecom Provider CDR
CALL00687,P011,P012,+91 9854026519,+91 7017878352,2026-03-11 17:45:13,0,missed,TWR-195,Telecom Provider CDR
CALL00688,P011,P012,+91 9854026519,+91 7017878352,2026-01-05 22:10:22,151,voice,TWR-130,Telecom Provider CDR
CALL00689,P011,P012,+91 9854026519,+91 7017878352,2025-09-23 19:40:05,0,voicemail,TWR-154,Telecom Provider CDR
CALL00690,P011,P012,+91 9854026519,+91 7017878352,2025-12-21 07:50:21,691,voice,TWR-114,Telecom Provider CDR
CALL00691,P011,P012,+91 9854026519,+91 7017878352,2025-09-11 20:20:31,81,voice,TWR-164,Telecom Provider CDR
CALL00692,P011,P040,+91 9854026519,+91 8079814367,2025-12-01 17:00:34,0,voicemail,TWR-146,Telecom Provider CDR
CALL00693,P011,P040,+91 9854026519,+91 8079814367,2026-02-10 17:40:34,835,voice,TWR-176,Telecom Provider CDR
CALL00694,P011,P040,+91 9854026519,+91 8079814367,2026-04-13 22:55:34,0,missed,TWR-179,Telecom Provider CDR
CALL00695,P011,P040,+91 9854026519,+91 8079814367,2026-01-19 17:40:12,0,voicemail,TWR-192,Telecom Provider CDR
CALL00696,P011,P040,+91 9854026519,+91 8079814367,2025-11-15 10:40:31,639,voice,TWR-125,Telecom Provider CDR
CALL00697,P011,P040,+91 9854026519,+91 8079814367,2026-04-12 15:45:37,0,missed,TWR-115,Telecom Provider CDR
CALL00698,P011,P040,+91 9854026519,+91 8079814367,2026-02-25 18:50:34,0,missed,TWR-118,Telecom Provider CDR
CALL00699,P011,P040,+91 9854026519,+91 8079814367,2025-09-28 18:25:10,0,voicemail,TWR-132,Telecom Provider CDR
CALL00700,P011,P040,+91 9854026519,+91 8079814367,2026-04-10 11:45:20,0,missed,TWR-105,Telecom Provider CDR
CALL00701,P011,P040,+91 9854026519,+91 8079814367,2025-11-23 15:05:24,0,missed,TWR-156,Telecom Provider CDR
CALL00702,P011,P040,+91 9854026519,+91 8079814367,2025-12-13 19:20:44,0,missed,TWR-136,Telecom Provider CDR
CALL00703,P011,P040,+91 9854026519,+91 8079814367,2026-04-11 23:10:45,394,voice,TWR-194,Telecom Provider CDR
CALL00704,P011,P040,+91 9854026519,+91 8079814367,2025-12-28 10:50:17,0,missed,TWR-132,Telecom Provider CDR
CALL00705,P013,P023,+91 9025419329,+91 7050152218,2025-12-07 14:55:36,0,missed,TWR-130,Telecom Provider CDR
CALL00706,P013,P023,+91 9025419329,+91 7050152218,2025-10-16 12:10:10,0,voicemail,TWR-183,Telecom Provider CDR
CALL00707,P013,P023,+91 9025419329,+91 7050152218,2025-11-24 10:35:11,515,voice,TWR-108,Telecom Provider CDR
CALL00708,P013,P023,+91 9025419329,+91 7050152218,2025-09-18 08:30:08,634,voice,TWR-125,Telecom Provider CDR
CALL00709,P013,P023,+91 9025419329,+91 7050152218,2026-03-17 17:20:57,202,voice,TWR-152,Telecom Provider CDR
CALL00710,P013,P023,+91 9025419329,+91 7050152218,2026-03-31 09:55:59,0,voicemail,TWR-110,Telecom Provider CDR
CALL00711,P013,P023,+91 9025419329,+91 7050152218,2025-12-13 23:20:38,0,missed,TWR-155,Telecom Provider CDR
CALL00712,P013,P023,+91 9025419329,+91 7050152218,2025-12-08 10:50:02,517,voice,TWR-134,Telecom Provider CDR
CALL00713,P013,P023,+91 9025419329,+91 7050152218,2025-10-17 21:55:06,0,missed,TWR-138,Telecom Provider CDR
CALL00714,P013,P023,+91 9025419329,+91 7050152218,2026-04-24 20:50:48,870,voice,TWR-198,Telecom Provider CDR
CALL00715,P013,P023,+91 9025419329,+91 7050152218,2025-10-13 16:50:09,530,voice,TWR-115,Telecom Provider CDR
CALL00716,P013,P023,+91 9025419329,+91 7050152218,2026-04-25 22:10:31,846,voice,TWR-128,Telecom Provider CDR
CALL00717,P013,P023,+91 9025419329,+91 7050152218,2025-10-07 19:45:11,0,missed,TWR-139,Telecom Provider CDR
CALL00718,P013,P023,+91 9025419329,+91 7050152218,2026-01-27 10:35:37,0,missed,TWR-103,Telecom Provider CDR
CALL00719,P013,P023,+91 9025419329,+91 7050152218,2026-01-07 07:00:59,0,missed,TWR-130,Telecom Provider CDR
CALL00720,P015,P022,+91 9972065052,+91 8011745854,2026-04-09 12:50:22,0,voicemail,TWR-118,Telecom Provider CDR
CALL00721,P015,P022,+91 9972065052,+91 8011745854,2025-10-14 08:35:16,0,missed,TWR-100,Telecom Provider CDR
CALL00722,P015,P022,+91 9972065052,+91 8011745854,2026-02-03 13:15:04,605,voice,TWR-129,Telecom Provider CDR
CALL00723,P015,P022,+91 9972065052,+91 8011745854,2025-10-23 19:10:54,0,missed,TWR-135,Telecom Provider CDR
CALL00724,P015,P022,+91 9972065052,+91 8011745854,2026-02-16 22:40:18,896,voice,TWR-131,Telecom Provider CDR
CALL00725,P015,P022,+91 9972065052,+91 8011745854,2026-03-04 06:25:50,0,missed,TWR-186,Telecom Provider CDR
CALL00726,P015,P022,+91 9972065052,+91 8011745854,2026-01-18 15:55:09,351,voice,TWR-175,Telecom Provider CDR
CALL00727,P015,P022,+91 9972065052,+91 8011745854,2026-04-23 23:30:17,0,missed,TWR-170,Telecom Provider CDR
CALL00728,P015,P022,+91 9972065052,+91 8011745854,2026-03-12 08:40:49,0,voicemail,TWR-161,Telecom Provider CDR
CALL00729,P015,P022,+91 9972065052,+91 8011745854,2025-11-15 11:40:03,0,voicemail,TWR-120,Telecom Provider CDR
CALL00730,P015,P022,+91 9972065052,+91 8011745854,2026-02-15 19:25:27,295,voice,TWR-149,Telecom Provider CDR
CALL00731,P015,P022,+91 9972065052,+91 8011745854,2026-03-27 13:00:44,245,voice,TWR-122,Telecom Provider CDR
CALL00732,P017,P032,+91 9945836599,+91 9012057074,2025-12-10 06:15:02,236,voice,TWR-193,Telecom Provider CDR
CALL00733,P017,P032,+91 9945836599,+91 9012057074,2025-11-26 16:25:18,0,missed,TWR-144,Telecom Provider CDR
CALL00734,P017,P032,+91 9945836599,+91 9012057074,2026-04-21 18:45:03,0,voicemail,TWR-129,Telecom Provider CDR
CALL00735,P017,P032,+91 9945836599,+91 9012057074,2025-10-30 21:15:39,623,voice,TWR-110,Telecom Provider CDR
CALL00736,P017,P032,+91 9945836599,+91 9012057074,2026-03-13 22:50:39,0,missed,TWR-199,Telecom Provider CDR
CALL00737,P036,P037,+91 9821597187,+91 7067154811,2025-09-23 22:30:55,405,voice,TWR-199,Telecom Provider CDR
CALL00738,P036,P037,+91 9821597187,+91 7067154811,2025-11-11 07:40:01,0,missed,TWR-187,Telecom Provider CDR
CALL00739,P036,P037,+91 9821597187,+91 7067154811,2026-04-23 17:35:35,276,voice,TWR-171,Telecom Provider CDR
CALL00740,P036,P037,+91 9821597187,+91 7067154811,2026-02-15 23:45:36,0,voicemail,TWR-140,Telecom Provider CDR
CALL00741,P036,P037,+91 9821597187,+91 7067154811,2025-12-21 21:45:07,323,voice,TWR-199,Telecom Provider CDR
CALL00742,P036,P037,+91 9821597187,+91 7067154811,2025-12-21 06:00:04,771,voice,TWR-191,Telecom Provider CDR
CALL00743,P036,P037,+91 9821597187,+91 7067154811,2025-12-04 20:15:25,471,voice,TWR-176,Telecom Provider CDR
CALL00744,P036,P037,+91 9821597187,+91 7067154811,2026-03-22 17:15:23,834,voice,TWR-186,Telecom Provider CDR
CALL00745,P036,P037,+91 9821597187,+91 7067154811,2026-01-29 13:15:07,700,voice,TWR-108,Telecom Provider CDR
CALL00746,P036,P037,+91 9821597187,+91 7067154811,2025-12-28 07:10:40,786,voice,TWR-108,Telecom Provider CDR
CALL00747,P036,P037,+91 9821597187,+91 7067154811,2026-04-05 23:10:27,379,voice,TWR-117,Telecom Provider CDR
CALL00748,P036,P037,+91 9821597187,+91 7067154811,2025-12-01 23:05:52,668,voice,TWR-156,Telecom Provider CDR
CALL00749,P036,P037,+91 9821597187,+91 7067154811,2026-03-17 19:45:15,271,voice,TWR-136,Telecom Provider CDR
CALL00750,P036,P037,+91 9821597187,+91 7067154811,2025-09-26 19:40:26,0,missed,TWR-153,Telecom Provider CDR
CALL00751,P036,P037,+91 9821597187,+91 7067154811,2026-04-23 19:55:02,0,missed,TWR-127,Telecom Provider CDR
CALL00752,P034,P040,+91 9021933488,+91 8079814367,2026-01-19 20:50:17,618,voice,TWR-178,Telecom Provider CDR
CALL00753,P034,P040,+91 9021933488,+91 8079814367,2026-02-16 14:25:41,0,voicemail,TWR-192,Telecom Provider CDR
CALL00754,P034,P040,+91 9021933488,+91 8079814367,2025-09-10 07:50:57,615,voice,TWR-113,Telecom Provider CDR
CALL00755,P034,P040,+91 9021933488,+91 8079814367,2026-02-28 21:40:14,0,missed,TWR-134,Telecom Provider CDR
CALL00756,P034,P040,+91 9021933488,+91 8079814367,2025-11-28 19:35:08,155,voice,TWR-150,Telecom Provider CDR
CALL00757,P034,P040,+91 9021933488,+91 8079814367,2025-12-05 07:10:36,0,voicemail,TWR-195,Telecom Provider CDR
CALL00758,P034,P040,+91 9021933488,+91 8079814367,2025-11-17 21:50:21,0,missed,TWR-116,Telecom Provider CDR
CALL00759,P034,P040,+91 9021933488,+91 8079814367,2026-03-02 18:30:13,0,voicemail,TWR-187,Telecom Provider CDR
CALL00760,P034,P040,+91 9021933488,+91 8079814367,2026-03-23 08:55:06,0,voicemail,TWR-145,Telecom Provider CDR
CALL00761,P023,P016,+91 7050152218,+91 9858538223,2026-02-07 18:55:51,104,voice,TWR-127,Telecom Provider CDR
CALL00762,P023,P016,+91 7050152218,+91 9858538223,2025-12-05 07:55:22,0,missed,TWR-187,Telecom Provider CDR
CALL00763,P023,P016,+91 7050152218,+91 9858538223,2025-12-31 08:10:52,885,voice,TWR-109,Telecom Provider CDR
CALL00764,P023,P016,+91 7050152218,+91 9858538223,2025-12-11 08:05:52,110,voice,TWR-166,Telecom Provider CDR
CALL00765,P023,P016,+91 7050152218,+91 9858538223,2026-02-23 19:30:43,710,voice,TWR-173,Telecom Provider CDR
CALL00766,P023,P016,+91 7050152218,+91 9858538223,2026-02-19 17:15:18,480,voice,TWR-106,Telecom Provider CDR
CALL00767,P023,P016,+91 7050152218,+91 9858538223,2025-10-31 13:35:32,758,voice,TWR-100,Telecom Provider CDR
CALL00768,P042,P003,+91 9855823679,+91 9812035599,2025-10-22 13:20:43,822,voice,TWR-156,Telecom Provider CDR
CALL00769,P042,P003,+91 9855823679,+91 9812035599,2026-01-20 19:05:49,413,voice,TWR-178,Telecom Provider CDR
CALL00770,P042,P003,+91 9855823679,+91 9812035599,2025-10-26 11:15:29,754,voice,TWR-144,Telecom Provider CDR
CALL00771,P042,P003,+91 9855823679,+91 9812035599,2025-10-15 10:15:47,0,voicemail,TWR-158,Telecom Provider CDR
CALL00772,P042,P003,+91 9855823679,+91 9812035599,2025-11-11 06:30:21,0,voicemail,TWR-196,Telecom Provider CDR
CALL00773,P042,P003,+91 9855823679,+91 9812035599,2026-02-24 17:05:44,0,missed,TWR-109,Telecom Provider CDR
CALL00774,P042,P003,+91 9855823679,+91 9812035599,2026-03-17 21:15:26,154,voice,TWR-130,Telecom Provider CDR
CALL00775,P042,P003,+91 9855823679,+91 9812035599,2026-02-18 10:05:16,0,voicemail,TWR-109,Telecom Provider CDR
CALL00776,P042,P003,+91 9855823679,+91 9812035599,2025-10-17 18:40:07,345,voice,TWR-184,Telecom Provider CDR
CALL00777,P042,P003,+91 9855823679,+91 9812035599,2026-03-02 19:40:59,485,voice,TWR-153,Telecom Provider CDR
CALL00778,P042,P003,+91 9855823679,+91 9812035599,2025-09-25 18:55:17,0,voicemail,TWR-190,Telecom Provider CDR
CALL00779,P042,P003,+91 9855823679,+91 9812035599,2026-04-10 22:20:19,0,missed,TWR-109,Telecom Provider CDR
CALL00780,P042,P003,+91 9855823679,+91 9812035599,2025-09-21 12:00:33,0,missed,TWR-132,Telecom Provider CDR
CALL00781,P042,P003,+91 9855823679,+91 9812035599,2025-12-27 10:50:52,521,voice,TWR-101,Telecom Provider CDR
CALL00782,P008,P018,+91 9949882535,+91 9025135342,2025-12-24 21:45:26,0,missed,TWR-168,Telecom Provider CDR
CALL00783,P008,P018,+91 9949882535,+91 9025135342,2026-01-29 20:00:06,691,voice,TWR-174,Telecom Provider CDR
CALL00784,P008,P018,+91 9949882535,+91 9025135342,2026-03-29 17:15:26,0,missed,TWR-143,Telecom Provider CDR
CALL00785,P008,P018,+91 9949882535,+91 9025135342,2026-02-20 10:40:50,0,missed,TWR-197,Telecom Provider CDR
CALL00786,P008,P018,+91 9949882535,+91 9025135342,2025-11-28 23:40:01,0,voicemail,TWR-185,Telecom Provider CDR
CALL00787,P008,P018,+91 9949882535,+91 9025135342,2025-10-15 13:25:00,0,voicemail,TWR-128,Telecom Provider CDR
CALL00788,P008,P018,+91 9949882535,+91 9025135342,2026-01-05 18:45:03,0,voicemail,TWR-159,Telecom Provider CDR
CALL00789,P020,P028,+91 9978957272,+91 8082176114,2025-09-21 17:30:29,0,missed,TWR-116,Telecom Provider CDR
CALL00790,P020,P028,+91 9978957272,+91 8082176114,2026-03-27 19:20:56,0,voicemail,TWR-166,Telecom Provider CDR
CALL00791,P020,P028,+91 9978957272,+91 8082176114,2025-12-22 17:55:59,230,voice,TWR-136,Telecom Provider CDR
CALL00792,P020,P028,+91 9978957272,+91 8082176114,2025-12-26 07:05:38,206,voice,TWR-177,Telecom Provider CDR
CALL00793,P020,P028,+91 9978957272,+91 8082176114,2025-11-02 14:15:14,0,voicemail,TWR-161,Telecom Provider CDR
CALL00794,P020,P028,+91 9978957272,+91 8082176114,2025-11-26 16:35:41,0,voicemail,TWR-139,Telecom Provider CDR
CALL00795,P020,P028,+91 9978957272,+91 8082176114,2026-01-15 15:45:07,97,voice,TWR-183,Telecom Provider CDR
CALL00796,P020,P028,+91 9978957272,+91 8082176114,2026-03-30 17:40:41,282,voice,TWR-123,Telecom Provider CDR
CALL00797,P020,P028,+91 9978957272,+91 8082176114,2025-12-24 13:10:19,0,missed,TWR-127,Telecom Provider CDR
CALL00798,P020,P028,+91 9978957272,+91 8082176114,2025-12-24 16:25:54,130,voice,TWR-109,Telecom Provider CDR
CALL00799,P020,P028,+91 9978957272,+91 8082176114,2025-11-19 07:45:29,871,voice,TWR-110,Telecom Provider CDR
CALL00800,P020,P028,+91 9978957272,+91 8082176114,2025-10-23 23:50:24,515,voice,TWR-120,Telecom Provider CDR
CALL00801,P020,P028,+91 9978957272,+91 8082176114,2026-02-12 09:45:48,0,missed,TWR-163,Telecom Provider CDR
CALL00802,P020,P028,+91 9978957272,+91 8082176114,2025-12-31 10:55:34,0,missed,TWR-162,Telecom Provider CDR
CALL00803,P005,P014,+91 8041629537,+91 8048728842,2025-10-25 08:30:03,0,voicemail,TWR-128,Telecom Provider CDR
CALL00804,P005,P014,+91 8041629537,+91 8048728842,2025-11-28 23:15:16,264,voice,TWR-175,Telecom Provider CDR
CALL00805,P005,P014,+91 8041629537,+91 8048728842,2026-03-18 20:25:22,0,voicemail,TWR-162,Telecom Provider CDR
CALL00806,P005,P014,+91 8041629537,+91 8048728842,2026-02-12 10:30:39,0,voicemail,TWR-110,Telecom Provider CDR
CALL00807,P005,P014,+91 8041629537,+91 8048728842,2026-02-12 09:05:57,365,voice,TWR-131,Telecom Provider CDR
CALL00808,P005,P014,+91 8041629537,+91 8048728842,2025-09-30 17:25:03,127,voice,TWR-112,Telecom Provider CDR
CALL00809,P005,P014,+91 8041629537,+91 8048728842,2026-03-19 19:15:28,0,voicemail,TWR-110,Telecom Provider CDR
CALL00810,P005,P014,+91 8041629537,+91 8048728842,2026-01-24 06:30:02,771,voice,TWR-163,Telecom Provider CDR
CALL00811,P005,P014,+91 8041629537,+91 8048728842,2025-10-02 07:30:54,655,voice,TWR-172,Telecom Provider CDR
CALL00812,P005,P014,+91 8041629537,+91 8048728842,2025-10-14 06:25:15,327,voice,TWR-116,Telecom Provider CDR
CALL00813,P005,P014,+91 8041629537,+91 8048728842,2026-04-12 12:50:48,705,voice,TWR-106,Telecom Provider CDR
CALL00814,P005,P014,+91 8041629537,+91 8048728842,2026-04-09 09:20:55,749,voice,TWR-118,Telecom Provider CDR
CALL00815,P034,P036,+91 9021933488,+91 9821597187,2026-04-03 18:40:01,365,voice,TWR-151,Telecom Provider CDR
CALL00816,P034,P036,+91 9021933488,+91 9821597187,2026-02-28 19:05:48,65,voice,TWR-116,Telecom Provider CDR
CALL00817,P034,P036,+91 9021933488,+91 9821597187,2026-03-08 14:20:29,728,voice,TWR-127,Telecom Provider CDR
CALL00818,P034,P036,+91 9021933488,+91 9821597187,2025-10-18 10:20:18,0,missed,TWR-156,Telecom Provider CDR
CALL00819,P034,P036,+91 9021933488,+91 9821597187,2025-10-10 08:30:32,227,voice,TWR-127,Telecom Provider CDR
CALL00820,P034,P036,+91 9021933488,+91 9821597187,2025-10-31 10:35:16,541,voice,TWR-154,Telecom Provider CDR
CALL00821,P034,P036,+91 9021933488,+91 9821597187,2025-11-20 21:45:08,635,voice,TWR-121,Telecom Provider CDR
CALL00822,P034,P036,+91 9021933488,+91 9821597187,2025-10-27 23:35:41,0,voicemail,TWR-183,Telecom Provider CDR
CALL00823,P034,P036,+91 9021933488,+91 9821597187,2025-09-23 06:45:46,0,missed,TWR-122,Telecom Provider CDR
CALL00824,P034,P036,+91 9021933488,+91 9821597187,2025-09-23 09:25:45,0,missed,TWR-142,Telecom Provider CDR
CALL00825,P034,P036,+91 9021933488,+91 9821597187,2026-01-23 08:35:02,0,voicemail,TWR-128,Telecom Provider CDR
CALL00826,P034,P036,+91 9021933488,+91 9821597187,2025-11-10 12:10:52,95,voice,TWR-144,Telecom Provider CDR
CALL00827,P034,P036,+91 9021933488,+91 9821597187,2025-11-04 10:10:01,0,missed,TWR-125,Telecom Provider CDR
CALL00828,P034,P036,+91 9021933488,+91 9821597187,2026-01-16 20:15:13,512,voice,TWR-197,Telecom Provider CDR
CALL00829,P013,P036,+91 9025419329,+91 9821597187,2026-02-01 19:45:22,384,voice,TWR-162,Telecom Provider CDR
CALL00830,P013,P036,+91 9025419329,+91 9821597187,2025-10-26 17:50:58,95,voice,TWR-119,Telecom Provider CDR
CALL00831,P013,P036,+91 9025419329,+91 9821597187,2026-02-11 18:10:47,0,missed,TWR-123,Telecom Provider CDR
CALL00832,P013,P036,+91 9025419329,+91 9821597187,2025-12-20 09:15:48,0,voicemail,TWR-119,Telecom Provider CDR
CALL00833,P013,P036,+91 9025419329,+91 9821597187,2025-11-06 22:35:15,0,voicemail,TWR-196,Telecom Provider CDR
CALL00834,P013,P036,+91 9025419329,+91 9821597187,2025-12-09 13:15:02,0,voicemail,TWR-194,Telecom Provider CDR
CALL00835,P013,P036,+91 9025419329,+91 9821597187,2026-04-23 10:10:26,0,missed,TWR-154,Telecom Provider CDR
CALL00836,P013,P036,+91 9025419329,+91 9821597187,2026-04-08 14:45:18,154,voice,TWR-165,Telecom Provider CDR
CALL00837,P013,P036,+91 9025419329,+91 9821597187,2026-04-08 15:25:58,757,voice,TWR-136,Telecom Provider CDR
CALL00838,P013,P036,+91 9025419329,+91 9821597187,2026-04-04 15:00:43,0,voicemail,TWR-128,Telecom Provider CDR
CALL00839,P013,P036,+91 9025419329,+91 9821597187,2025-10-06 11:45:10,732,voice,TWR-176,Telecom Provider CDR
CALL00840,P013,P036,+91 9025419329,+91 9821597187,2025-10-15 13:50:41,92,voice,TWR-143,Telecom Provider CDR
CALL00841,P013,P036,+91 9025419329,+91 9821597187,2025-10-31 09:30:50,0,missed,TWR-166,Telecom Provider CDR
CALL00842,P013,P036,+91 9025419329,+91 9821597187,2026-01-16 10:15:42,842,voice,TWR-161,Telecom Provider CDR
CALL00843,P013,P036,+91 9025419329,+91 9821597187,2026-03-27 08:40:16,527,voice,TWR-131,Telecom Provider CDR
CALL00844,P021,P041,+91 7092466518,+91 9076168413,2026-03-16 10:55:46,522,voice,TWR-160,Telecom Provider CDR
CALL00845,P021,P041,+91 7092466518,+91 9076168413,2025-11-04 12:10:21,742,voice,TWR-159,Telecom Provider CDR
CALL00846,P021,P041,+91 7092466518,+91 9076168413,2026-01-08 10:25:01,262,voice,TWR-145,Telecom Provider CDR
CALL00847,P021,P041,+91 7092466518,+91 9076168413,2026-04-04 20:25:16,0,missed,TWR-156,Telecom Provider CDR
CALL00848,P021,P041,+91 7092466518,+91 9076168413,2025-11-04 10:25:20,0,voicemail,TWR-120,Telecom Provider CDR
CALL00849,P021,P041,+91 7092466518,+91 9076168413,2025-10-25 09:40:33,0,voicemail,TWR-198,Telecom Provider CDR
CALL00850,P021,P041,+91 7092466518,+91 9076168413,2026-01-29 06:45:54,669,voice,TWR-119,Telecom Provider CDR
CALL00851,P021,P041,+91 7092466518,+91 9076168413,2026-02-15 21:05:40,410,voice,TWR-105,Telecom Provider CDR
CALL00852,P021,P041,+91 7092466518,+91 9076168413,2025-11-22 12:05:30,41,voice,TWR-139,Telecom Provider CDR
CALL00853,P021,P041,+91 7092466518,+91 9076168413,2025-10-25 10:40:03,0,missed,TWR-122,Telecom Provider CDR
CALL00854,P021,P041,+91 7092466518,+91 9076168413,2025-10-29 09:35:45,617,voice,TWR-178,Telecom Provider CDR
CALL00855,P021,P041,+91 7092466518,+91 9076168413,2026-01-16 19:00:36,0,voicemail,TWR-170,Telecom Provider CDR
CALL00856,P021,P041,+91 7092466518,+91 9076168413,2026-02-21 19:05:21,0,missed,TWR-170,Telecom Provider CDR
CALL00857,P021,P041,+91 7092466518,+91 9076168413,2025-10-15 14:55:46,0,voicemail,TWR-171,Telecom Provider CDR
CALL00858,P042,P016,+91 9855823679,+91 9858538223,2025-10-12 10:05:34,0,voicemail,TWR-184,Telecom Provider CDR
CALL00859,P042,P016,+91 9855823679,+91 9858538223,2025-11-26 15:40:49,131,voice,TWR-178,Telecom Provider CDR
CALL00860,P042,P016,+91 9855823679,+91 9858538223,2026-01-29 19:15:45,417,voice,TWR-161,Telecom Provider CDR
CALL00861,P042,P016,+91 9855823679,+91 9858538223,2025-12-02 18:50:05,0,voicemail,TWR-133,Telecom Provider CDR
CALL00862,P042,P016,+91 9855823679,+91 9858538223,2026-04-02 09:10:20,0,missed,TWR-157,Telecom Provider CDR
CALL00863,P042,P016,+91 9855823679,+91 9858538223,2026-02-09 16:55:59,45,voice,TWR-187,Telecom Provider CDR
CALL00864,P042,P016,+91 9855823679,+91 9858538223,2025-10-26 06:25:17,621,voice,TWR-151,Telecom Provider CDR
CALL00865,P042,P016,+91 9855823679,+91 9858538223,2026-01-03 23:00:10,508,voice,TWR-123,Telecom Provider CDR
CALL00866,P042,P016,+91 9855823679,+91 9858538223,2026-03-16 23:20:13,452,voice,TWR-178,Telecom Provider CDR
CALL00867,P042,P016,+91 9855823679,+91 9858538223,2025-09-18 13:45:43,211,voice,TWR-168,Telecom Provider CDR
CALL00868,P042,P016,+91 9855823679,+91 9858538223,2025-11-12 13:05:56,789,voice,TWR-102,Telecom Provider CDR
CALL00869,P042,P016,+91 9855823679,+91 9858538223,2025-10-01 14:25:25,616,voice,TWR-111,Telecom Provider CDR
CALL00870,P009,P008,+91 9899066376,+91 9949882535,2026-04-12 14:10:59,0,missed,TWR-134,Telecom Provider CDR
CALL00871,P009,P008,+91 9899066376,+91 9949882535,2025-10-29 13:30:37,719,voice,TWR-133,Telecom Provider CDR
CALL00872,P009,P008,+91 9899066376,+91 9949882535,2026-02-20 21:50:10,0,voicemail,TWR-111,Telecom Provider CDR
CALL00873,P009,P008,+91 9899066376,+91 9949882535,2025-12-01 14:50:47,0,voicemail,TWR-181,Telecom Provider CDR
CALL00874,P009,P008,+91 9899066376,+91 9949882535,2026-03-14 10:05:26,0,voicemail,TWR-183,Telecom Provider CDR
CALL00875,P009,P008,+91 9899066376,+91 9949882535,2025-10-24 17:20:40,778,voice,TWR-160,Telecom Provider CDR
CALL00876,P009,P008,+91 9899066376,+91 9949882535,2025-11-23 22:15:15,0,voicemail,TWR-132,Telecom Provider CDR
CALL00877,P028,P002,+91 8082176114,+91 9924029930,2025-10-13 09:20:05,116,voice,TWR-190,Telecom Provider CDR
CALL00878,P028,P002,+91 8082176114,+91 9924029930,2026-04-19 08:45:53,467,voice,TWR-158,Telecom Provider CDR
CALL00879,P028,P002,+91 8082176114,+91 9924029930,2025-12-29 15:40:49,383,voice,TWR-183,Telecom Provider CDR
CALL00880,P028,P002,+91 8082176114,+91 9924029930,2026-02-15 23:10:22,0,voicemail,TWR-178,Telecom Provider CDR
CALL00881,P028,P002,+91 8082176114,+91 9924029930,2025-09-11 06:00:49,647,voice,TWR-186,Telecom Provider CDR
CALL00882,P028,P002,+91 8082176114,+91 9924029930,2026-02-25 19:40:42,0,missed,TWR-125,Telecom Provider CDR
CALL00883,P028,P002,+91 8082176114,+91 9924029930,2025-12-12 18:20:13,504,voice,TWR-153,Telecom Provider CDR
CALL00884,P028,P002,+91 8082176114,+91 9924029930,2026-03-26 13:25:54,701,voice,TWR-123,Telecom Provider CDR
CALL00885,P028,P002,+91 8082176114,+91 9924029930,2026-02-25 16:45:52,628,voice,TWR-171,Telecom Provider CDR
CALL00886,P028,P002,+91 8082176114,+91 9924029930,2025-11-01 08:55:55,258,voice,TWR-105,Telecom Provider CDR
CALL00887,P028,P002,+91 8082176114,+91 9924029930,2025-10-03 09:35:17,487,voice,TWR-125,Telecom Provider CDR
CALL00888,P022,P008,+91 8011745854,+91 9949882535,2025-11-26 12:20:35,210,voice,TWR-110,Telecom Provider CDR
CALL00889,P022,P008,+91 8011745854,+91 9949882535,2025-10-22 14:20:27,0,missed,TWR-110,Telecom Provider CDR
CALL00890,P022,P008,+91 8011745854,+91 9949882535,2025-09-18 20:40:40,783,voice,TWR-178,Telecom Provider CDR
CALL00891,P022,P008,+91 8011745854,+91 9949882535,2026-03-21 10:20:41,0,missed,TWR-135,Telecom Provider CDR
CALL00892,P022,P008,+91 8011745854,+91 9949882535,2026-03-03 17:35:07,0,missed,TWR-162,Telecom Provider CDR
CALL00893,P022,P008,+91 8011745854,+91 9949882535,2026-03-05 11:30:47,758,voice,TWR-128,Telecom Provider CDR
CALL00894,P022,P008,+91 8011745854,+91 9949882535,2026-04-19 11:35:07,0,missed,TWR-151,Telecom Provider CDR
CALL00895,P022,P008,+91 8011745854,+91 9949882535,2026-04-12 23:15:43,249,voice,TWR-180,Telecom Provider CDR
CALL00896,P022,P008,+91 8011745854,+91 9949882535,2025-10-20 20:05:13,457,voice,TWR-194,Telecom Provider CDR
CALL00897,P022,P008,+91 8011745854,+91 9949882535,2025-12-14 09:35:25,26,voice,TWR-185,Telecom Provider CDR
CALL00898,P022,P008,+91 8011745854,+91 9949882535,2025-09-29 23:20:56,0,voicemail,TWR-102,Telecom Provider CDR
CALL00899,P022,P008,+91 8011745854,+91 9949882535,2026-03-18 12:55:18,195,voice,TWR-121,Telecom Provider CDR
CALL00900,P022,P008,+91 8011745854,+91 9949882535,2026-01-30 17:30:46,0,missed,TWR-185,Telecom Provider CDR
CALL00901,P041,P026,+91 9076168413,+91 7087393203,2025-11-08 14:00:17,0,voicemail,TWR-196,Telecom Provider CDR
CALL00902,P041,P026,+91 9076168413,+91 7087393203,2025-10-08 20:40:11,0,missed,TWR-197,Telecom Provider CDR
CALL00903,P041,P026,+91 9076168413,+91 7087393203,2026-01-05 21:45:43,0,missed,TWR-182,Telecom Provider CDR
CALL00904,P041,P026,+91 9076168413,+91 7087393203,2025-10-14 14:50:56,238,voice,TWR-129,Telecom Provider CDR
CALL00905,P019,P011,+91 9961366134,+91 9854026519,2026-03-29 16:05:30,0,missed,TWR-176,Telecom Provider CDR
CALL00906,P019,P011,+91 9961366134,+91 9854026519,2026-02-20 13:30:54,0,voicemail,TWR-155,Telecom Provider CDR
CALL00907,P019,P011,+91 9961366134,+91 9854026519,2026-03-09 08:05:20,444,voice,TWR-154,Telecom Provider CDR
CALL00908,P042,P034,+91 9855823679,+91 9021933488,2025-12-18 21:10:01,801,voice,TWR-156,Telecom Provider CDR
CALL00909,P042,P034,+91 9855823679,+91 9021933488,2025-11-13 21:20:58,780,voice,TWR-113,Telecom Provider CDR
CALL00910,P042,P034,+91 9855823679,+91 9021933488,2026-02-06 16:10:48,0,missed,TWR-106,Telecom Provider CDR
CALL00911,P042,P034,+91 9855823679,+91 9021933488,2025-12-07 09:40:34,0,voicemail,TWR-166,Telecom Provider CDR
CALL00912,P042,P034,+91 9855823679,+91 9021933488,2025-11-08 22:30:55,168,voice,TWR-186,Telecom Provider CDR
CALL00913,P042,P034,+91 9855823679,+91 9021933488,2025-10-23 06:10:03,22,voice,TWR-137,Telecom Provider CDR
CALL00914,P042,P034,+91 9855823679,+91 9021933488,2026-03-08 16:30:19,571,voice,TWR-165,Telecom Provider CDR
CALL00915,P006,P042,+91 7037149286,+91 9855823679,2025-09-26 10:20:40,462,voice,TWR-175,Telecom Provider CDR
CALL00916,P006,P042,+91 7037149286,+91 9855823679,2026-01-06 17:20:14,0,voicemail,TWR-151,Telecom Provider CDR
CALL00917,P006,P042,+91 7037149286,+91 9855823679,2026-02-10 07:55:25,0,voicemail,TWR-119,Telecom Provider CDR
CALL00918,P006,P042,+91 7037149286,+91 9855823679,2026-02-20 11:45:54,445,voice,TWR-137,Telecom Provider CDR
CALL00919,P006,P042,+91 7037149286,+91 9855823679,2026-04-18 23:00:03,555,voice,TWR-125,Telecom Provider CDR
CALL00920,P006,P042,+91 7037149286,+91 9855823679,2026-02-04 11:55:17,0,voicemail,TWR-146,Telecom Provider CDR
CALL00921,P006,P042,+91 7037149286,+91 9855823679,2025-11-15 20:55:58,158,voice,TWR-106,Telecom Provider CDR
CALL00922,P006,P042,+91 7037149286,+91 9855823679,2026-03-15 22:35:07,0,voicemail,TWR-103,Telecom Provider CDR
CALL00923,P006,P042,+91 7037149286,+91 9855823679,2026-03-06 09:30:29,0,voicemail,TWR-168,Telecom Provider CDR
CALL00924,P006,P042,+91 7037149286,+91 9855823679,2026-02-07 22:00:19,213,voice,TWR-153,Telecom Provider CDR
CALL00925,P006,P042,+91 7037149286,+91 9855823679,2026-02-11 12:50:55,285,voice,TWR-166,Telecom Provider CDR
CALL00926,P033,P038,+91 7027909944,+91 8063442307,2025-11-24 20:30:01,0,voicemail,TWR-132,Telecom Provider CDR
CALL00927,P033,P038,+91 7027909944,+91 8063442307,2025-11-21 06:45:58,0,missed,TWR-190,Telecom Provider CDR
CALL00928,P033,P038,+91 7027909944,+91 8063442307,2025-10-09 17:20:23,279,voice,TWR-172,Telecom Provider CDR
CALL00929,P033,P038,+91 7027909944,+91 8063442307,2026-01-05 17:25:30,0,missed,TWR-144,Telecom Provider CDR
CALL00930,P033,P038,+91 7027909944,+91 8063442307,2025-09-11 22:50:49,0,missed,TWR-136,Telecom Provider CDR
CALL00931,P033,P038,+91 7027909944,+91 8063442307,2026-02-23 11:45:06,0,voicemail,TWR-144,Telecom Provider CDR
CALL00932,P033,P038,+91 7027909944,+91 8063442307,2026-02-02 21:10:01,0,missed,TWR-187,Telecom Provider CDR
CALL00933,P014,P037,+91 8048728842,+91 7067154811,2026-01-05 11:50:11,0,voicemail,TWR-177,Telecom Provider CDR
CALL00934,P014,P037,+91 8048728842,+91 7067154811,2025-12-19 12:55:36,212,voice,TWR-167,Telecom Provider CDR
CALL00935,P014,P037,+91 8048728842,+91 7067154811,2025-10-19 18:40:38,508,voice,TWR-178,Telecom Provider CDR
CALL00936,P002,P018,+91 9924029930,+91 9025135342,2026-04-22 06:45:10,0,voicemail,TWR-166,Telecom Provider CDR
CALL00937,P002,P018,+91 9924029930,+91 9025135342,2026-04-19 07:35:25,551,voice,TWR-183,Telecom Provider CDR
CALL00938,P002,P018,+91 9924029930,+91 9025135342,2025-09-13 12:55:43,0,missed,TWR-102,Telecom Provider CDR
CALL00939,P002,P018,+91 9924029930,+91 9025135342,2025-09-15 06:45:07,0,missed,TWR-150,Telecom Provider CDR
CALL00940,P002,P018,+91 9924029930,+91 9025135342,2025-10-15 16:40:56,0,voicemail,TWR-187,Telecom Provider CDR
CALL00941,P002,P018,+91 9924029930,+91 9025135342,2026-04-02 08:50:41,0,missed,TWR-133,Telecom Provider CDR
CALL00942,P002,P018,+91 9924029930,+91 9025135342,2025-10-04 23:55:21,563,voice,TWR-197,Telecom Provider CDR
CALL00943,P002,P018,+91 9924029930,+91 9025135342,2025-12-10 12:25:30,0,voicemail,TWR-120,Telecom Provider CDR
CALL00944,P002,P018,+91 9924029930,+91 9025135342,2026-03-23 07:05:27,277,voice,TWR-183,Telecom Provider CDR
CALL00945,P002,P018,+91 9924029930,+91 9025135342,2025-09-13 23:35:59,0,missed,TWR-133,Telecom Provider CDR
CALL00946,P002,P018,+91 9924029930,+91 9025135342,2026-02-02 11:50:48,754,voice,TWR-179,Telecom Provider CDR
CALL00947,P002,P018,+91 9924029930,+91 9025135342,2026-03-07 13:35:53,0,missed,TWR-120,Telecom Provider CDR
CALL00948,P002,P018,+91 9924029930,+91 9025135342,2026-03-03 12:10:15,572,voice,TWR-104,Telecom Provider CDR
CALL00949,P002,P018,+91 9924029930,+91 9025135342,2025-11-09 20:00:53,0,voicemail,TWR-124,Telecom Provider CDR
CALL00950,P032,P013,+91 9012057074,+91 9025419329,2025-11-04 16:55:44,352,voice,TWR-164,Telecom Provider CDR
CALL00951,P032,P013,+91 9012057074,+91 9025419329,2026-01-14 22:25:05,576,voice,TWR-132,Telecom Provider CDR
CALL00952,P032,P013,+91 9012057074,+91 9025419329,2025-10-02 17:10:21,403,voice,TWR-190,Telecom Provider CDR
CALL00953,P032,P013,+91 9012057074,+91 9025419329,2025-10-11 17:05:35,450,voice,TWR-180,Telecom Provider CDR
CALL00954,P032,P013,+91 9012057074,+91 9025419329,2025-10-13 07:30:49,0,voicemail,TWR-106,Telecom Provider CDR
CALL00955,P032,P013,+91 9012057074,+91 9025419329,2025-11-25 14:15:05,323,voice,TWR-160,Telecom Provider CDR
CALL00956,P032,P013,+91 9012057074,+91 9025419329,2025-11-01 06:55:04,520,voice,TWR-114,Telecom Provider CDR
CALL00957,P032,P013,+91 9012057074,+91 9025419329,2025-10-28 07:25:39,46,voice,TWR-141,Telecom Provider CDR
CALL00958,P032,P013,+91 9012057074,+91 9025419329,2025-10-11 23:20:29,797,voice,TWR-123,Telecom Provider CDR
CALL00959,P042,P040,+91 9855823679,+91 8079814367,2025-09-17 09:25:15,398,voice,TWR-135,Telecom Provider CDR
CALL00960,P042,P040,+91 9855823679,+91 8079814367,2025-10-19 12:05:52,429,voice,TWR-127,Telecom Provider CDR
CALL00961,P042,P040,+91 9855823679,+91 8079814367,2025-10-30 07:25:51,0,voicemail,TWR-111,Telecom Provider CDR
CALL00962,P042,P040,+91 9855823679,+91 8079814367,2025-09-24 07:00:31,610,voice,TWR-141,Telecom Provider CDR
CALL00963,P011,P002,+91 9854026519,+91 9924029930,2025-11-13 15:15:29,194,voice,TWR-137,Telecom Provider CDR
CALL00964,P011,P002,+91 9854026519,+91 9924029930,2026-03-21 10:15:05,676,voice,TWR-153,Telecom Provider CDR
CALL00965,P011,P002,+91 9854026519,+91 9924029930,2025-09-22 11:55:21,320,voice,TWR-108,Telecom Provider CDR
CALL00966,P011,P002,+91 9854026519,+91 9924029930,2026-02-17 10:00:58,0,missed,TWR-179,Telecom Provider CDR
CALL00967,P011,P002,+91 9854026519,+91 9924029930,2025-10-23 19:15:56,278,voice,TWR-149,Telecom Provider CDR
CALL00968,P011,P002,+91 9854026519,+91 9924029930,2025-09-22 15:30:18,0,voicemail,TWR-169,Telecom Provider CDR
CALL00969,P011,P002,+91 9854026519,+91 9924029930,2026-04-18 18:15:39,266,voice,TWR-190,Telecom Provider CDR
CALL00970,P011,P002,+91 9854026519,+91 9924029930,2026-04-03 11:15:43,0,missed,TWR-167,Telecom Provider CDR
CALL00971,P011,P002,+91 9854026519,+91 9924029930,2025-09-16 19:15:33,332,voice,TWR-172,Telecom Provider CDR
CALL00972,P011,P002,+91 9854026519,+91 9924029930,2026-03-09 19:20:05,0,missed,TWR-141,Telecom Provider CDR
CALL00973,P011,P002,+91 9854026519,+91 9924029930,2025-12-27 09:35:08,0,missed,TWR-115,Telecom Provider CDR
CALL00974,P011,P002,+91 9854026519,+91 9924029930,2026-04-10 12:55:14,734,voice,TWR-120,Telecom Provider CDR
CALL00975,P011,P002,+91 9854026519,+91 9924029930,2025-10-17 13:15:27,37,voice,TWR-187,Telecom Provider CDR
CALL00976,P003,P035,+91 9812035599,+91 7011946866,2025-10-14 19:00:11,774,voice,TWR-173,Telecom Provider CDR
CALL00977,P003,P035,+91 9812035599,+91 7011946866,2026-01-24 23:05:55,337,voice,TWR-139,Telecom Provider CDR
CALL00978,P003,P035,+91 9812035599,+91 7011946866,2026-04-22 18:00:15,726,voice,TWR-102,Telecom Provider CDR
CALL00979,P003,P035,+91 9812035599,+91 7011946866,2025-12-12 16:50:32,490,voice,TWR-196,Telecom Provider CDR
CALL00980,P003,P035,+91 9812035599,+91 7011946866,2026-04-11 23:50:38,208,voice,TWR-101,Telecom Provider CDR
CALL00981,P003,P035,+91 9812035599,+91 7011946866,2026-01-26 15:30:09,390,voice,TWR-113,Telecom Provider CDR
CALL00982,P003,P035,+91 9812035599,+91 7011946866,2026-04-16 21:55:39,0,missed,TWR-127,Telecom Provider CDR
CALL00983,P003,P035,+91 9812035599,+91 7011946866,2025-09-20 13:20:35,0,voicemail,TWR-132,Telecom Provider CDR
CALL00984,P009,P002,+91 9899066376,+91 9924029930,2026-01-07 15:20:27,444,voice,TWR-148,Telecom Provider CDR
CALL00985,P009,P002,+91 9899066376,+91 9924029930,2026-01-08 13:55:51,546,voice,TWR-112,Telecom Provider CDR
CALL00986,P009,P002,+91 9899066376,+91 9924029930,2026-03-05 13:25:18,78,voice,TWR-133,Telecom Provider CDR
CALL00987,P009,P002,+91 9899066376,+91 9924029930,2025-12-15 14:10:54,17,voice,TWR-115,Telecom Provider CDR
CALL00988,P009,P002,+91 9899066376,+91 9924029930,2025-10-28 21:30:52,505,voice,TWR-167,Telecom Provider CDR
CALL00989,P009,P002,+91 9899066376,+91 9924029930,2025-12-18 23:25:37,0,voicemail,TWR-161,Telecom Provider CDR
CALL00990,P009,P002,+91 9899066376,+91 9924029930,2025-10-01 18:40:56,0,voicemail,TWR-139,Telecom Provider CDR
CALL00991,P037,P033,+91 7067154811,+91 7027909944,2026-04-24 20:25:39,0,missed,TWR-163,Telecom Provider CDR
CALL00992,P037,P033,+91 7067154811,+91 7027909944,2026-01-04 17:05:32,0,voicemail,TWR-164,Telecom Provider CDR
CALL00993,P037,P033,+91 7067154811,+91 7027909944,2026-01-15 07:50:49,0,voicemail,TWR-185,Telecom Provider CDR
CALL00994,P037,P033,+91 7067154811,+91 7027909944,2025-12-11 14:00:24,146,voice,TWR-116,Telecom Provider CDR
CALL00995,P037,P033,+91 7067154811,+91 7027909944,2025-09-18 12:45:09,0,missed,TWR-104,Telecom Provider CDR
CALL00996,P037,P033,+91 7067154811,+91 7027909944,2025-10-15 10:40:32,670,voice,TWR-181,Telecom Provider CDR
CALL00997,P037,P033,+91 7067154811,+91 7027909944,2025-09-28 20:20:17,0,missed,TWR-195,Telecom Provider CDR
CALL00998,P037,P033,+91 7067154811,+91 7027909944,2026-04-24 09:45:46,483,voice,TWR-141,Telecom Provider CDR
CALL00999,P037,P033,+91 7067154811,+91 7027909944,2025-10-10 12:10:56,0,missed,TWR-171,Telecom Provider CDR
CALL01000,P037,P033,+91 7067154811,+91 7027909944,2025-11-24 10:15:31,800,voice,TWR-119,Telecom Provider CDR
CALL01001,P006,P004,+91 7037149286,+91 9817447787,2026-01-13 10:35:35,501,voice,TWR-150,Telecom Provider CDR
CALL01002,P006,P004,+91 7037149286,+91 9817447787,2025-10-20 22:55:48,0,missed,TWR-172,Telecom Provider CDR
CALL01003,P006,P004,+91 7037149286,+91 9817447787,2026-02-03 19:30:30,547,voice,TWR-188,Telecom Provider CDR
CALL01004,P006,P004,+91 7037149286,+91 9817447787,2026-03-13 11:05:23,218,voice,TWR-105,Telecom Provider CDR
CALL01005,P006,P004,+91 7037149286,+91 9817447787,2025-11-21 17:50:25,505,voice,TWR-169,Telecom Provider CDR
CALL01006,P008,P025,+91 9949882535,+91 9058248303,2026-02-07 13:25:09,0,missed,TWR-129,Telecom Provider CDR
CALL01007,P008,P025,+91 9949882535,+91 9058248303,2026-02-22 08:10:09,0,missed,TWR-175,Telecom Provider CDR
CALL01008,P008,P025,+91 9949882535,+91 9058248303,2026-01-09 08:20:18,0,voicemail,TWR-147,Telecom Provider CDR
CALL01009,P008,P025,+91 9949882535,+91 9058248303,2025-10-13 22:05:06,157,voice,TWR-128,Telecom Provider CDR
CALL01010,P008,P025,+91 9949882535,+91 9058248303,2025-09-14 08:45:37,0,voicemail,TWR-145,Telecom Provider CDR
CALL01011,P008,P025,+91 9949882535,+91 9058248303,2026-01-09 23:20:39,0,missed,TWR-154,Telecom Provider CDR
CALL01012,P008,P025,+91 9949882535,+91 9058248303,2025-10-19 14:05:28,0,missed,TWR-101,Telecom Provider CDR
CALL01013,P012,P036,+91 7017878352,+91 9821597187,2025-10-24 21:00:49,0,missed,TWR-181,Telecom Provider CDR
CALL01014,P012,P036,+91 7017878352,+91 9821597187,2025-09-28 10:40:59,19,voice,TWR-129,Telecom Provider CDR
CALL01015,P012,P036,+91 7017878352,+91 9821597187,2025-09-26 23:25:33,551,voice,TWR-131,Telecom Provider CDR
CALL01016,P012,P036,+91 7017878352,+91 9821597187,2025-12-26 18:05:55,150,voice,TWR-100,Telecom Provider CDR
CALL01017,P012,P036,+91 7017878352,+91 9821597187,2025-12-02 11:45:16,104,voice,TWR-153,Telecom Provider CDR
CALL01018,P012,P036,+91 7017878352,+91 9821597187,2026-02-01 14:40:48,224,voice,TWR-120,Telecom Provider CDR
CALL01019,P012,P036,+91 7017878352,+91 9821597187,2026-01-28 17:25:13,0,voicemail,TWR-190,Telecom Provider CDR
CALL01020,P013,P027,+91 9025419329,+91 9884645824,2026-02-05 15:50:43,0,voicemail,TWR-121,Telecom Provider CDR
CALL01021,P013,P027,+91 9025419329,+91 9884645824,2025-11-25 20:05:52,0,missed,TWR-115,Telecom Provider CDR
CALL01022,P013,P027,+91 9025419329,+91 9884645824,2025-12-29 07:15:30,0,voicemail,TWR-143,Telecom Provider CDR
CALL01023,P013,P027,+91 9025419329,+91 9884645824,2025-11-15 18:35:39,726,voice,TWR-117,Telecom Provider CDR
CALL01024,P013,P027,+91 9025419329,+91 9884645824,2025-10-13 11:25:48,0,missed,TWR-183,Telecom Provider CDR
CALL01025,P013,P027,+91 9025419329,+91 9884645824,2026-04-02 14:25:19,0,voicemail,TWR-149,Telecom Provider CDR
CALL01026,P013,P027,+91 9025419329,+91 9884645824,2025-12-20 09:00:27,406,voice,TWR-174,Telecom Provider CDR
CALL01027,P013,P027,+91 9025419329,+91 9884645824,2026-04-23 20:15:37,0,missed,TWR-151,Telecom Provider CDR
CALL01028,P002,P006,+91 9924029930,+91 7037149286,2026-03-21 17:25:06,649,voice,TWR-191,Telecom Provider CDR
CALL01029,P002,P006,+91 9924029930,+91 7037149286,2025-11-16 21:35:45,28,voice,TWR-146,Telecom Provider CDR
CALL01030,P002,P006,+91 9924029930,+91 7037149286,2026-01-10 15:25:10,767,voice,TWR-174,Telecom Provider CDR
CALL01031,P002,P006,+91 9924029930,+91 7037149286,2025-09-15 10:55:12,0,missed,TWR-109,Telecom Provider CDR
CALL01032,P002,P006,+91 9924029930,+91 7037149286,2025-12-24 23:10:43,432,voice,TWR-180,Telecom Provider CDR
CALL01033,P009,P005,+91 9899066376,+91 8041629537,2025-11-08 18:10:08,0,voicemail,TWR-152,Telecom Provider CDR
CALL01034,P009,P005,+91 9899066376,+91 8041629537,2025-11-24 09:05:34,0,voicemail,TWR-165,Telecom Provider CDR
CALL01035,P009,P005,+91 9899066376,+91 8041629537,2026-01-02 20:40:19,59,voice,TWR-120,Telecom Provider CDR
CALL01036,P009,P005,+91 9899066376,+91 8041629537,2026-03-18 10:40:58,825,voice,TWR-152,Telecom Provider CDR
CALL01037,P009,P005,+91 9899066376,+91 8041629537,2025-11-13 19:40:54,644,voice,TWR-124,Telecom Provider CDR
CALL01038,P009,P005,+91 9899066376,+91 8041629537,2025-12-15 21:50:42,0,voicemail,TWR-116,Telecom Provider CDR
CALL01039,P009,P005,+91 9899066376,+91 8041629537,2026-03-04 12:25:51,551,voice,TWR-102,Telecom Provider CDR
CALL01040,P009,P005,+91 9899066376,+91 8041629537,2026-01-04 17:40:51,0,voicemail,TWR-134,Telecom Provider CDR
CALL01041,P009,P005,+91 9899066376,+91 8041629537,2025-11-16 10:00:51,67,voice,TWR-108,Telecom Provider CDR
CALL01042,P009,P005,+91 9899066376,+91 8041629537,2025-12-26 08:10:27,856,voice,TWR-129,Telecom Provider CDR
CALL01043,P037,P042,+91 7067154811,+91 9855823679,2026-03-07 21:20:48,322,voice,TWR-109,Telecom Provider CDR
CALL01044,P037,P042,+91 7067154811,+91 9855823679,2026-03-08 19:00:30,39,voice,TWR-196,Telecom Provider CDR
CALL01045,P037,P042,+91 7067154811,+91 9855823679,2026-03-09 22:20:49,191,voice,TWR-176,Telecom Provider CDR
CALL01046,P037,P042,+91 7067154811,+91 9855823679,2026-03-10 18:10:56,78,voice,TWR-134,Telecom Provider CDR
CALL01047,P037,P042,+91 7067154811,+91 9855823679,2026-03-11 19:50:07,323,voice,TWR-192,Telecom Provider CDR
CALL01048,P037,P042,+91 7067154811,+91 9855823679,2026-03-12 22:45:56,127,voice,TWR-158,Telecom Provider CDR
CALL01049,P037,P042,+91 7067154811,+91 9855823679,2026-03-13 19:10:15,65,voice,TWR-121,Telecom Provider CDR
CALL01050,P009,P042,+91 9899066376,+91 9855823679,2026-03-13 23:52:00,14,voice,TWR-155,Telecom Provider CDR
CALL01051,P034,P036,+91 9021933488,+91 9821597187,2026-03-11 14:00:00,0,missed,TWR-175,Telecom Provider CDR
